Object ID,State GNIS Code,Geographic Identifier - FIPS Code,State FIPS Postal Code,Name,Area of Land (Square Meters),Area of Water (Square Meters),Total Households,Total Households - Margin of Error,All Households that Have a Computer,All Households that Have a Computer - Margin of Error,Households that Have a Computer with Dial-up Internet Subscription Alone,Households that Have a Computer with Dial-up Internet Subscription Alone - Margin of Error,Households that Have a Computer with a Broadband Internet Subscription,Households that Have a Computer with a Broadband Internet Subscription - Margin of Error,Households that Have a Computer without an Internet Subscription,Households that Have a Computer without an Internet Subscription - Margin of Error,Households that Have No Computer,Households that Have No Computer - Margin of Error,Percent of Households that Have No Computer,Percent of Households that Have No Computer - Margin of Error,Total Population in Households,Total Population in Households - Margin of Error,Population Under 18 Years in Households,Population Under 18 Years in Households - Margin of Error,All Population Under 18 Years in Households that Have a Computer,All Population Under 18 Years in Households that Have a Computer - Margin of Error,Population Under 18 Years that in Households that Have a Computer with Dial-up Internet Subscription Alone,Population Under 18 Years that in Households that Have a Computer with Dial-up Internet Subscription Alone - Margin of Error,Population Under 18 Years that in Households that Have a Computer with a Broadband Internet Subscription,Population Under 18 Years in Households that Have a Computer with a Broadband Internet Subscription - Margin of Error,Population Under 18 Years in Households that Have a Computer without an Internet Subscription,Population Under 18 Years in Households that Have a Computer without an Internet Subscription - Margin of Error,Population Under 18 Years in Households that Have No Computer,Population Under 18 Years in Households that Have No Computer - Margin of Error,Population 18 to 64 Years in Households,Population 18 to 64 Years in Households - Margin of Error,All Population 18 to 64 Years in Households that Have a Computer,All Population 18 to 64 Years in Households that Have a Computer - Margin of Error,Population 18 to 64 Years in Households that Have a Computer with Dial-up Internet Subscription Alone,Population 18 to 64 Years in Households that Have a Computer with Dial-up Internet Subscription Alone - Margin of Error,Population 18 to 64 Years in Households that Have a Computer with a Broadband Internet Subscription,Population 18 to 64 Years in Households that Have a Computer with a Broadband Internet Subscription - Margin of Error,Population 18 to 64 Years in Households that Have a Computer without an Internet Subscription,Population 18 to 64 Years in Households that Have a Computer without an Internet Subscription - Margin of Error,Population 18 to 64 Years in Households that Have No Computer,Population 18 to 64 Years in Households that Have No Computer - Margin of Error,Population 65 Years and Over in Households,Population 65 Years and Over in Households - Margin of Error,All Population 65 Years and Over in Households that Have a Computer,All Population 65 Years and Over in Households that Have a Computer - Margin of Error,Population 65 Years and Over in Households that Have a Computer with Dial-up Internet Subscription Alone,Population 65 Years and Over in Households that Have a Computer with Dial-up Internet Subscription Alone - Margin of Error,Population 65 Years and Over in Households that Have a Computer with a Broadband Internet Subscription,Population 65 Years and Over in Households that Have a Computer with a Broadband Internet Subscription - Margin of Error,Population 65 Years and Over in Households that Have a Computer without an Internet Subscription,Population 65 Years and Over in Households that Have a Computer without an Internet Subscription - Margin of Error,Population 65 Years and Over in Households with No Computer,Population 65 Years and Over in Households with No Computer - Margin of Error,Population in Households that Have No Computer,Population in Households that Have No Computer - Margin of Error,Percent of Population in Households that Have No Computer,Percent of Population in Households that Have No Computer - Margin of Error,Percent of Population Under 18 in Households with No Computer,Percent of Population Under 18 in Households with No Computer - Margin of Error,Percent of Population 18 to 64 Years in Households with No Computer,Percent of Population 18 to 64 Years in Households with No Computer - Margin of Error,Percent of Population 65 Years and Over in Households with No Computer,Percent of Population 65 Years and Over in Households with No Computer - Margin of Error,Total Black or African American Population in Households,Total Black or African American Population in Households - Margin of Error,All Black or African American Population in Households that Have a Computer,All Black or African American Population in Households that Have a Computer - Margin of Error,Black or African American Population in Households that Have a Computer with Dial-up Internet Subscription Alone,Black or African American Population in Households that Have a Computer with Dial-up Internet Subscription Alone - Margin of Error,Black or African American Population in Households that Have a Computer with a Broadband Internet Subscription,Black or African American Population in Households that Have a Computer with a Broadband Internet Subscription - Margin of Error,Black or African American Population in Households that Have a Computer without an Internet Subscription,Black or African American Population in Households that Have a Computer without an Internet Subscription - Margin of Error,Black or African American Population in Households with No Computer,Black or African American Population in Households with No Computer - Margin of Error,Percent of Black or African American Population in Households with No Computer,Percent of Black or African American Population in Households with No Computer - Margin of Error,Total American Indian and Alaska Native Population in Households,Total American Indian and Alaska Native Population in Households - Margin of Error,All American Indian and Alaska Native Population in Households that Have a Computer,All American Indian and Alaska Native Population in Households that Have a Computer - Margin of Error,American Indian and Alaska Native Population in Households that Have a Computer with Dial-up Internet Subscription Alone,American Indian and Alaska Native Population in Households that Have a Computer with Dial-up Internet Subscription Alone - Margin of Error,American Indian and Alaska Native Population in Households that Have a Computer with a Broadband Internet Subscription,American Indian and Alaska Native Population in Households that Have a Computer with a Broadband Internet Subscription - Margin of Error,American Indian and Alaska Native Population in Households that Have a Computer without an Internet Subscription,American Indian and Alaska Native Population in Households that Have a Computer without an Internet Subscription - Margin of Error,American Indian and Alaska Native Population in Households with No Computer,American Indian and Alaska Native Population in Households with No Computer - Margin of Error,Percent of American Indian and Alaska Native Population in Households with No Computer,Percent of American Indian and Alaska Native Population in Households with No Computer - Margin of Error,Total Asian Population in Households,Total Asian Population in Households - Margin of Error,All Asian Population in Households that Have a Computer,All Asian Population in Households that Have a Computer - Margin of Error,Asian Population in Households that Have a Computer with Dial-up Internet Subscription Alone,Asian Population in Households that Have a Computer with Dial-up Internet Subscription Alone - Margin of Error,Asian Population in Households that Have a Computer with a Broadband Internet Subscription,Asian Population in Households that Have a Computer with a Broadband Internet Subscription - Margin of Error,Asian Population in Households that Have a Computer without an Internet Subscription,Asian Population in Households that Have a Computer without an Internet Subscription - Margin of Error,Asian Population in Households with No Computer,Asian Population in Households with No Computer - Margin of Error,Percent of Asian Population in Households with No Computer,Percent of Asian Population in Households with No Computer - Margin of Error,Total Native Hawaiian and Other Pacific Islander Population in Households,Total Native Hawaiian and Other Pacific Islander Population in Households - Margin of Error,All Native Hawaiian and Other Pacific Islander Population in Households that Have a Computer,All Native Hawaiian and Other Pacific Islander Population in Households that Have a Computer - Margin of Error,Native Hawaiian and Other Pacific Islander Population in Households that Have a Computer with Dial-up Internet Subscription Alone,Native Hawaiian and Other Pacific Islander Population in Households that Have a Computer with Dial-up Internet Subscription Alone - Margin of Error,Native Hawaiian and Other Pacific Islander Population in Households that Have a Computer with a Broadband Internet Subscription,Native Hawaiian and Other Pacific Islander Population in Households that Have a Computer with a Broadband Internet Subscription - Margin of Error,Native Hawaiian and Other Pacific Islander Population in Households that Have a Computer without an Internet Subscription,Native Hawaiian and Other Pacific Islander Population in Households that Have a Computer without an Internet Subscription - Margin of Error,Native Hawaiian and Other Pacific Islander Population in Households with No Computer,Native Hawaiian and Other Pacific Islander Population in Households with No Computer - Margin of Error,Percent of Native Hawaiian and Other Pacific Islander Population in Households with No Computer,Percent of Native Hawaiian and Other Pacific Islander Population in Households with No Computer - Margin of Error,Total Some Other Race Population in Households,Total Some Other Race Population in Households - Margin of Error,All Some Other Race Population in Households that Have a Computer,All Some Other Race Population in Households that Have a Computer - Margin of Error,Some Other Race Population in Households that Have a Computer with Dial-up Internet Subscription Alone,Some Other Race Population in Households that Have a Computer with Dial-up Internet Subscription Alone - Margin of Error,Some Other Race Population in Households that Have a Computer with a Broadband Internet Subscription,Some Other Race Population in Households that Have a Computer with a Broadband Internet Subscription - Margin of Error,Some Other Race Population in Households that Have a Computer without an Internet Subscription,Some Other Race Population in Households that Have a Computer without an Internet Subscription - Margin of Error,Some Other Race Population in Households with No Computer,Some Other Race Population in Households with No Computer - Margin of Error,Percent of Some Other Race Population in Households with No Computer,Percent of Some Other Race Population in Households with No Computer - Margin of Error,Total Two or More Races Population in Households,Total Two or More Races Population in Households - Margin of Error,All Two or More Races Population in Households that Have a Computer,All Two or More Races Population in Households that Have a Computer - Margin of Error,Two or More Races Population in Households that Have a Computer with Dial-up Internet Subscription Alone,Two or More Races Population in Households that Have a Computer with Dial-up Internet Subscription Alone - Margin of Error,Two or More Races Population in Households that Have a Computer with a Broadband Internet Subscription,Two or More Races Population in Households that Have a Computer with a Broadband Internet Subscription - Margin of Error,Two or More Races Population in Households that Have a Computer without an Internet Subscription,Two or More Races Population in Households that Have a Computer without an Internet Subscription - Margin of Error,Two or More Races Population in Households with No Computer,Two or More Races Population in Households with No Computer - Margin of Error,Percent of Two or More Races Population in Households with No Computer,Percent of Two or More Races Population in Households with No Computer - Margin of Error,Total Non-Hispanic White Population in Households,Total Non-Hispanic White Population in Households - Margin of Error,All Non-Hispanic White Population in Households that Have a Computer,All Non-Hispanic White Population in Households that Have a Computer - Margin of Error,Non-Hispanic White Population in Households that Have a Computer with Dial-up Internet Subscription Alone,Non-Hispanic White Population in Households that Have a Computer with Dial-up Internet Subscription Alone - Margin of Error,Non-Hispanic White Population in Households that Have a Computer with a Broadband Internet Subscription,Non-Hispanic White Population in Households that Have a Computer with a Broadband Internet Subscription - Margin of Error,Non-Hispanic White Population in Households that Have a Computer without an Internet Subscription,Non-Hispanic White Population in Households that Have a Computer without an Internet Subscription - Margin of Error,Non-Hispanic White Population in Households with No Computer,Non-Hispanic White Population in Households with No Computer - Margin of Error,Percent of Non-Hispanic White Population in Households with No Computer,Percent of Non-Hispanic White Population in Households with No Computer - Margin of Error,Total Hispanic or Latino Population in Households,Total Hispanic or Latino Population in Households - Margin of Error,All Hispanic or Latino Population in Households that Have a Computer,All Hispanic or Latino Population in Households that Have a Computer - Margin of Error,Hispanic or Latino Population in Households that Have a Computer with Dial-up Internet Subscription Alone,Hispanic or Latino Population in Households that Have a Computer with Dial-up Internet Subscription Alone - Margin of Error,Hispanic or Latino Population in Households that Have a Computer with a Broadband Internet Subscription,Hispanic or Latino Population in Households that Have a Computer with a Broadband Internet Subscription - Margin of Error,Hispanic or Latino Population in Households that Have a Computer without an Internet Subscription,Hispanic or Latino Population in Households that Have a Computer without an Internet Subscription - Margin of Error,Hispanic or Latino Population in Households with No Computer,Hispanic or Latino Population in Households with No Computer - Margin of Error,Percent of Hispanic or Latino Population in Households with No Computer,Percent of Hispanic or Latino Population in Households with No Computer - Margin of Error,Shape Area,Shape Length
1,01779775,01,AL,Alabama,131174048583,4593327154,1860269,6522,1551296,7580,9024,655,1349864,7892,192408,3133,308973,3680,16.6,0.189056365903076,4745881,,1096563,512,1029046,3008,4521,945,908590,4786,115935,3877,67517,3075,2886684,955,2616313,6398,11055,1201,2314712,9530,290546,6051,270371,6334,762634,868,544792,2809,6815,587,469380,2978,68597,1948,217842,2818,555730,7584,11.7,,6.2,0.280406907970418,9.4,0.219399435479591,28.6,0.3680758339968,1246640,2865,1031557,6085,4774,990,859606,7684,167177,5596,215083,5470,17.3,0.436984249801931,24947,1328,21746,1229,172,100,19260,1239,2314,568,3201,519,12.8,1.9650857552321,63209,1301,60762,1446,196,195,57539,1482,3027,641,2447,545,3.9,0.858529300963987,2149,543,1297,279,28,35,1189,251,80,76,852,517,39.6,21.8727990107644,69177,3612,58464,3539,257,192,44110,2989,14097,1903,10713,2023,15.5,2.81036889927266,89892,3373,83486,3360,354,166,73516,3050,9616,1052,6406,848,7.1,0.904662669885693,3131570,1409,2832138,5495,15956,1632,2551760,8330,264422,6515,299432,5472,9.6,0.174683664700275,199538,525,169168,2471,911,435,139078,3279,29179,2589,30370,2445,15.2,1.22467597001183,190122625832.525,2312415.89178446
2,01785533,02,AK,Alaska,1478839695958,245481577452,253462,1351,236598,1381,1165,236,212573,1519,22860,872,16864,727,6.7,0.28462711583288,711117,,185454,206,181740,448,370,266,167411,989,13959,957,3714,397,449591,444,433004,1116,1214,329,395385,1691,36405,1459,16587,1032,76072,387,66813,659,1022,244,59571,713,6220,518,9259,636,29560,1276,4.2,,2,0.214057698583214,3.7,0.229513043590579,12.2,0.83375398716486,22001,844,21073,888,29,46,19322,946,1722,512,928,412,4.2,1.86563826312312,102782,1529,92258,1633,268,88,77259,1663,14731,912,10524,601,10.2,0.564545198829854,44112,990,42718,1042,373,351,39228,1259,3117,603,1394,298,3.2,0.67181993901913,8583,493,8243,452,0,22,7144,579,1099,418,340,211,4,2.4477954059376,10190,1310,9895,1278,2,4,8465,1237,1428,644,295,159,2.9,1.51531831266887,60557,1851,59009,1851,177,143,54533,1796,4299,537,1548,294,2.6,0.479164163249585,435987,836,422214,1320,1736,362,392367,2142,28111,1690,13773,1018,3.2,0.23341461463679,48626,337,47090,572,23,26,42548,919,4519,714,1536,425,3.2,0.873743803466461,8208933682478.09,63996878.6025828
3,01779777,04,AZ,Arizona,294198551143,1027337603,2524300,6840,2269063,8263,10090,648,2050837,8369,208136,3619,255237,3804,10.1,0.148183701213825,6790680,,1630808,389,1535368,3901,2235,419,1394890,5118,138243,4063,95440,3917,4019924,805,3766653,5721,8354,900,3450481,8967,307818,6936,253271,5649,1139948,770,970670,2957,10065,750,874707,3291,85898,2354,169278,3026,517989,7511,7.6,,5.9,0.240183629415532,6.3,0.140519380842068,14.8,0.265261128682509,290200,2957,265566,3636,591,283,238039,4046,26936,2078,24634,2076,8.5,0.710120407216315,301307,3303,216650,3514,1784,416,159130,3460,55736,2452,84657,2442,28.1,0.749663318859237,224637,2540,217201,2672,440,205,209293,2618,7468,1154,7436,918,3.3,0.406941619461643,13030,638,12244,688,80,71,11125,769,1039,350,786,338,6,2.57714358325517,460694,7976,421244,8185,828,346,370242,7653,50174,3795,39450,2939,8.6,0.620484986679774,246906,5383,237061,5195,447,188,218527,5094,18087,1460,9845,1164,4,0.463350179914401,3747767,1804,3556450,5215,13769,1099,3336302,7094,206379,5565,191317,4911,5.1,0.131014987811511,2116428,1216,1907593,6565,3932,821,1671867,8853,231794,7154,208835,6430,9.9,0.303760883821641,434058036475.438,2904949.8979294
4,00068085,05,AR,Arkansas,134768872727,2962859592,1152175,4053,969432,4727,6096,589,796951,6061,166385,3310,182743,2876,15.9,0.243299626464919,2906459,,702895,646,663294,2738,2483,675,548049,4972,112762,4163,39601,2660,1733528,1123,1582553,4868,7050,976,1325115,8841,250388,6794,150975,4742,470036,853,341777,2443,4355,514,283389,2649,54033,1619,128259,2424,318835,5953,11,,5.6,0.378399475979335,8.7,0.273488013972155,27.3,0.513322189324007,439381,2063,360325,3663,1298,469,283648,5020,75379,3586,79056,3315,18,0.749725905866616,19331,1184,17482,1219,116,122,14045,1132,3321,664,1849,392,9.6,1.94136249413944,43120,1081,41231,1181,96,125,36347,1310,4788,874,1889,383,4.4,0.881403077673057,7837,634,5720,836,0,28,4115,825,1605,674,2117,674,27,8.31795819918128,77797,3343,71295,3262,105,90,58469,2931,12721,2043,6502,1120,8.4,1.39412966916539,74978,2747,70429,2763,170,101,60279,2762,9980,1145,4549,550,6.1,0.699059035028532,2117112,1156,1909302,4384,11876,1523,1624289,8780,273137,7488,207810,4197,9.8,0.198169290888294,215421,481,193408,2146,431,208,142696,3981,50281,3645,22013,1987,10.2,0.922097655022068,205326115241.953,2656504.35896412
5,01779778,06,CA,California,403503931312,20463871877,12965435,19785,11886064,24688,49249,1421,10912290,28753,924525,7911,1079371,8238,8.3,0.0622552258916432,38329281,,9051472,924,8693746,7850,22569,1643,8010613,14814,660564,10911,357726,8109,24096714,2021,23087736,14439,61264,3049,21472501,26775,1553971,18791,1008978,14006,5181095,1798,4382253,6831,38604,1578,3975915,7218,367734,3709,798842,6539,2165546,17455,5.6,,4,0.0895867299105574,4.2,0.0581230467908724,15.4,0.126095369502881,2148325,8216,1970254,8792,5942,873,1752256,10420,212056,5492,178071,4349,8.3,0.199939457520977,286411,5445,261415,5073,597,237,232181,5328,28637,1869,24996,1598,8.7,0.532699007708629,5513924,9392,5354245,9556,13861,1389,5138548,10575,201836,5487,159679,4489,2.9,0.0812625045018582,149332,2482,140252,2315,910,422,127670,2710,11672,1434,9080,1234,6.1,0.820143624240798,5326367,34749,4949616,32971,18723,1894,4339112,28720,591781,13438,376751,8956,7.1,0.161688459557355,1835851,23595,1788626,23226,3161,516,1696675,22038,88790,3725,47225,2265,2.6,0.118863823045438,14368090,4464,13726186,9842,51364,2227,13049419,14014,625403,8754,641904,8043,4.5,0.0559610016721429,14978186,2908,13836290,17790,48852,3479,12313199,29921,1474239,21362,1141896,17637,7.6,0.117741938627063,650088043494.613,5274812.47760218
6,01779779,08,CO,Colorado,268422891711,1181621593,2113387,4542,1962259,5290,11225,634,1801583,5595,149451,2541,151128,2210,7.2,0.1034359718005,5411306,,1257048,567,1224468,2054,3545,732,1144029,3730,76894,2908,32580,2084,3430277,883,3319899,3370,11912,1306,3097750,6228,210237,5052,110378,3254,723981,703,615734,2446,8451,675,558777,2610,48506,1528,108247,2316,251205,4505,4.6,,2.6,0.165781114689486,3.2,0.0948575276071373,15,0.319568275913779,216538,2441,202371,2686,978,489,181702,2886,19691,1661,14167,1457,6.5,0.66880687117242,51970,1948,46916,1840,237,174,39177,1705,7502,1005,5054,690,9.7,1.27666948770468,169242,1945,164309,1995,291,141,156144,2106,7874,1098,4933,803,2.9,0.473284561773097,7908,527,7442,564,23,29,7021,560,398,206,466,226,5.9,2.83075608552073,213286,5344,195776,5486,1370,483,172761,5255,21645,2246,17510,2001,8.2,0.915349477968047,193304,4690,188159,4658,640,306,177666,4733,9853,1170,5145,710,2.7,0.361575720208499,3702619,1636,3567542,3435,16765,1284,3378192,4715,172585,3793,135077,3133,3.6,0.0846004263697608,1160590,1027,1070051,3964,5254,1046,939094,6482,125703,5271,90539,3866,7.8,0.333034900264716,447310993087.215,2708265.22753582
7,01779780,09,CT,Connecticut,12542497068,1815617571,1367374,3671,1224654,4382,5555,476,1134907,4910,84192,1915,142720,2219,10.4,0.159844258479045,3466662,,750725,358,735234,1459,1734,497,698946,2332,34554,1910,15491,1365,2154055,676,2066616,2936,5227,760,1951262,5000,110127,3596,87439,2910,561882,645,450099,2338,4435,500,411896,2539,33768,1402,111783,2302,214713,3954,6.2,,2.1,0.181821573867513,4.1,0.135088037079334,19.9,0.409057564257828,359427,2736,328554,3070,694,261,296918,3360,30942,2120,30873,1633,8.6,0.449604839761867,9312,1123,8465,1030,0,29,7409,993,1056,377,847,323,9.1,3.29062842996619,153951,1471,151312,1550,287,217,145827,1696,5198,906,2639,503,1.7,0.326316534112855,1170,278,915,282,0,29,824,273,91,81,255,160,21.8,12.6567555754702,178391,5524,162259,5153,283,170,144110,5031,17866,1892,16132,1854,9,1.00085473397551,108759,3492,104930,3505,185,99,96985,3339,7760,1053,3829,600,3.5,0.539973406548083,2343758,1407,2208360,3466,8692,1052,2109213,4931,90455,3664,135398,3100,5.8,0.132220741804632,548362,735,503631,2578,1616,676,453541,4074,48474,2795,44731,2435,8.2,0.443915108260503,23146187281.7422,782072.641636725
8,01779781,10,DE,Delaware,5045925646,1399985648,357765,1676,321643,1811,1331,202,292373,1793,27939,1188,36122,1046,10.1,0.288519400172935,924444,,202694,259,193055,1306,279,160,177203,1953,15573,1517,9639,1271,559001,313,529736,1707,1062,277,489354,2504,39320,1936,29265,1730,162749,176,135300,1135,1474,302,123708,1285,10118,744,27449,1160,66353,2440,7.2,,4.8,0.627024145614836,5.2,0.309466779879754,16.9,0.712520592362896,200651,1590,180017,2179,475,289,157492,2596,22050,1719,20634,1706,10.3,0.846318420519766,3363,484,2927,489,93,119,2569,454,265,126,436,153,13,4.14929114174489,36324,718,35459,720,116,148,34412,731,931,355,865,335,2.4,0.921053247324778,456,297,255,75,0,27,255,75,0,27,201,301,44.1,59.4384828045859,17740,1824,15311,1640,0,27,13197,1554,2114,540,2429,643,13.7,3.34000318726333,25472,1492,24710,1493,82,92,22760,1401,1868,437,762,273,3,1.05734400512414,581986,727,546416,1841,1958,368,514080,2475,30378,1898,35570,1732,6.1,0.297503713207271,84764,254,76389,1147,167,133,66011,1588,10211,1254,8375,1163,9.9,1.37172525603488,8697981313.87109,610862.733093048
9,01702382,11,DC,District of Columbia,158340391,18687198,281322,1459,252564,1723,640,159,223102,1896,28822,1185,28758,909,10.2,0.318738272818679,644878,,121085,200,113455,1146,270,254,95697,1945,17488,1519,7630,1133,445761,464,420918,1536,862,374,377655,2514,42401,2169,24843,1458,78032,410,60768,907,466,132,51959,1067,8343,747,17264,810,49737,2016,7.7,,6.3,0.935648433603667,5.6,0.327029654107169,22.1,1.03150609509869,303557,1472,263975,2759,997,443,210009,3831,52969,2901,39582,2309,13,0.758015295240848,1879,504,1602,499,0,29,1427,514,175,101,277,128,14.7,5.54703608964383,24010,711,23233,687,0,29,22068,720,1165,473,777,249,3.2,1.03263072428274,321,84,304,84,0,29,279,82,25,29,17,25,5.3,7.66386782690386,32883,2112,28933,1886,184,144,22861,1789,5888,1157,3950,1028,12,3.02953829828294,19026,1253,18414,1267,10,15,17516,1241,888,293,612,202,3.2,1.04035642505345,232720,809,229894,923,393,319,224399,1089,5102,657,2826,346,1.2,0.148616580457442,71689,410,65269,1491,254,158,56529,1833,8486,1265,6420,1470,9,2.04988405450564,292745374.59375,86300.673721702
10,00294478,12,FL,Florida,138949136250,31361101223,7621760,23468,6844107,26765,30924,1274,6108720,31193,704463,7473,777653,6428,10.2,0.0782677614666807,20166501,,4136542,902,3944839,6551,8645,1110,3548370,12631,387824,10015,191703,6706,12045821,1875,11386537,12576,30829,1994,10300604,27792,1055104,18081,659284,12406,3984138,1729,3382536,6512,28367,1278,3018455,8158,335714,5788,601602,6524,1452589,15538,7.2,,4.6,0.16211293663446,5.5,0.102986550737701,15.1,0.163618177760759,3189343,8054,2828614,9678,7147,1024,2377689,14065,443778,10823,360729,7774,11.3,0.242070048625912,56391,2257,50840,2224,152,76,45445,2063,5243,736,5551,923,9.8,1.5886603670995,552617,3144,535944,3354,2187,754,508628,4036,25129,2245,16673,1636,3,0.295547856264249,12690,997,11687,994,0,31,10587,964,1100,297,1003,268,7.9,2.01854161502285,574174,11340,531651,10759,665,380,465278,10072,65708,3851,42523,2906,7.4,0.484521829653571,531647,11045,511143,11066,999,334,471801,10619,38343,3005,20504,1936,3.9,0.355227443690648,10978050,3782,10313249,12437,46653,2179,9520227,21979,746369,14638,664801,11094,6.1,0.101034661818686,5111450,1881,4709937,9391,11112,1303,4150332,16526,548493,12682,401513,9354,7.9,0.182978077709728,196197901321.74,4679537.4653303
11,01705317,13,GA,Georgia,149482048342,4422936154,3709488,9402,3287853,11380,11898,757,2907393,14080,368562,5309,421635,4655,11.4,0.12213734791311,10037150,,2496532,947,2379436,3996,4094,658,2124735,7699,250607,6479,117096,3966,6220595,1511,5826387,8451,13740,1271,5230493,15946,582154,10875,394208,8288,1320023,1297,1035969,4068,9477,809,915715,4413,110777,2277,284054,3830,795358,9954,7.9,,4.7,0.158850407798253,6.3,0.133225950895219,21.5,0.289375047873895,3124379,4655,2802863,7441,6378,1043,2401270,11400,395215,9797,321516,6815,10.3,0.217583841075854,32460,2329,28558,2196,169,181,23061,2048,5328,815,3902,941,12,2.7676736725216,393531,2485,383964,2597,496,256,364445,2859,19023,1863,9567,1324,2.4,0.336090684202517,5880,870,4970,744,0,31,4217,504,753,538,910,539,15.5,8.87605711458171,277936,6170,248524,5963,491,298,202967,6515,45066,3637,29412,2877,10.6,1.00812076955736,246017,6280,235940,6081,407,168,214830,5736,20703,1786,10077,1143,4.1,0.452683674142202,5363962,2221,4996625,6720,17426,1339,4592480,13616,386719,9046,367337,6339,6.8,0.118143547311562,948697,835,861202,5119,2584,785,732391,7060,126227,5667,87495,5111,9.2,0.538677766043556,215997640119.135,2584480.72655766
12,01779782,15,HI,Hawaii,16633990195,11777809026,456782,2081,411022,2152,1690,267,377648,2421,31684,1257,45760,1372,10,0.296874440299828,1377998,,304906,411,295648,1251,633,200,278440,1848,16575,1443,9258,1120,834325,607,800537,1722,1794,333,747650,2807,51093,2772,33788,1773,238767,524,198044,1548,1743,346,179137,1792,17164,1130,40723,1454,83769,2552,6.1,,3,0.367303520860823,4,0.212486690747901,17.1,0.607810450195219,23194,809,22650,813,44,60,21876,821,730,226,544,205,2.3,0.880055097785355,2793,397,2561,379,0,26,2230,356,331,154,232,126,8.3,4.35403231045668,526752,4507,488465,4544,1758,442,457471,4756,29236,2445,38287,1684,7.3,0.313587650256823,137232,2512,121986,2787,503,224,106747,2841,14736,1601,15246,1814,11.1,1.30611254602169,13936,1476,12954,1431,15,18,12121,1382,818,301,982,395,7,2.73436612717451,334746,5330,319534,5383,661,211,297410,5326,21463,1964,15212,1495,4.5,0.440706788058045,300406,717,288949,1109,1155,357,272438,1622,15356,1293,11457,830,3.8,0.276142759843924,142166,516,135262,1209,264,142,125317,1689,9681,1400,6904,1048,4.9,0.736955652865626,19095078901.4648,1616131.61853346
13,01779783,16,ID,Idaho,214049787659,2391722557,618331,2254,557848,2898,4539,453,490576,3298,62733,1907,60483,1919,9.8,0.308296410013612,1657779,,437900,363,427730,1256,1420,409,392921,2709,33389,2191,10170,1206,970549,619,926632,2475,4438,689,834256,4600,87938,3867,43917,2380,249330,514,207304,1679,4008,464,181916,1878,21380,1132,42026,1606,96113,3114,5.8,,2.3,0.275398614565007,4.5,0.245205051600009,16.9,0.643188308737884,10642,778,9989,720,0,28,8348,790,1641,598,653,275,6.1,2.54486673238285,21750,964,19642,992,201,266,16130,955,3311,613,2108,323,9.7,1.42157286449537,23312,949,22430,896,110,63,20720,942,1600,452,882,279,3.8,1.18685660575477,2655,378,2563,381,56,102,2248,380,259,164,92,70,3.5,2.58996657246548,52724,2830,48934,2668,224,175,42749,2610,5961,1193,3790,1041,7.2,1.93636556292142,45656,2015,43751,2078,72,53,39978,2061,3701,660,1905,458,4.2,0.986106669640331,1364856,529,1291221,2813,8727,964,1176589,5197,105905,4571,73635,2745,5.4,0.201109247433556,204978,377,187317,1882,875,379,157798,3224,28644,2530,17661,1886,8.6,0.919962267633945,424674772540.313,4197454.52262378
14,01779784,17,IL,Illinois,143780567633,6214824948,4830038,9750,4264785,11482,21562,786,3859853,13620,383370,4682,565253,4625,11.7,0.0927951145754588,12523597,,2921509,708,2812965,3938,4705,644,2599925,6957,208335,5450,108544,4019,7777855,1562,7373944,8741,20705,1255,6805327,15441,547912,10220,403911,8326,1824233,1385,1401210,3999,19363,883,1243685,4514,138162,2980,423023,3835,935478,10009,7.5,,3.7,0.137562948339839,5.2,0.10704242820103,23.2,0.209486831370896,1741985,4334,1510859,5984,3845,648,1286373,8136,220641,6149,231126,4900,13.3,0.279344645502649,31018,2002,28413,1916,203,109,25347,2004,2863,576,2605,575,8.4,1.77274081339885,677419,2901,662043,2910,1573,434,630894,3890,29576,2315,15376,1304,2.3,0.192249766499925,4441,544,3965,507,31,42,3471,476,463,195,476,244,10.7,5.33507869016497,759060,11046,699017,10353,1197,480,601974,9768,95846,5296,60043,3753,7.9,0.480840856336497,312030,6197,298971,6225,752,283,276840,5859,21379,1722,13059,1114,4.2,0.347206548946606,7726166,2297,7212446,6735,33715,1418,6770834,11521,407897,7352,513720,6232,6.6,0.0806367378159413,2145684,960,1980494,5816,5189,1096,1754605,9659,220700,8439,165190,5696,7.7,0.265440786761375,249654111715.992,2747061.68160052
15,00448508,18,IN,Indiana,92789302676,1538002829,2553818,7375,2226068,8071,15099,836,1963551,9841,247418,3698,327750,3645,12.8,0.137831659112979,6449747,,1568691,844,1482927,3093,4394,790,1335341,6032,143192,4829,85764,3026,3923601,1219,3672754,5514,14748,1015,3309069,10039,348937,7065,250847,5444,957455,1049,729985,3154,12672,959,638796,3187,78517,2218,227470,2911,564081,6875,8.7,,5.5,0.192877256195217,6.4,0.138735873862987,23.8,0.302918904900623,591379,3573,508979,4413,1027,283,424114,5589,83838,4805,82400,4130,13.9,0.693275236881803,14239,968,12064,887,45,38,10315,805,1704,426,2175,468,15.3,3.11839401490575,136902,1906,132223,1819,319,222,122272,2155,9632,1366,4679,1106,3.4,0.80647462995294,2738,404,2251,339,0,27,1726,321,525,140,487,280,17.8,9.88393791740361,142696,3938,128003,4153,522,238,108280,3702,19201,2261,14693,1741,10.3,1.18652402903446,157034,4491,149842,4261,437,272,136370,4203,13035,1071,7192,713,4.6,0.434739194333903,5137944,1418,4709272,5748,28416,1718,4268715,11690,412141,9378,428672,5834,8.3,0.113524014688956,440838,550,400504,2668,1608,499,346538,3549,52358,2953,40334,2555,9.1,0.579465563353659,159577609905.43,2230319.84193817
16,01779785,19,IA,Iowa,144661267977,1084180812,1256855,4146,1101435,4432,9569,499,983262,5076,108604,1904,155420,2093,12.4,0.161453544571343,3032415,,726991,623,704767,1631,2297,515,651852,3026,50618,2409,22224,1450,1817175,761,1724101,2960,8137,720,1575996,5050,139968,3868,93074,2873,488249,656,367535,1769,8463,465,320619,2140,38453,1178,120714,1715,236012,3647,7.8,,3.1,0.199435057839968,5.1,0.158087998375981,24.7,0.349680930264926,102268,1740,89699,1976,201,100,77721,2044,11777,1434,12569,1086,12.3,1.041123886098,10897,745,9944,769,133,137,8124,727,1687,408,953,264,8.7,2.34774526525301,73031,1172,71422,1329,226,196,64928,1530,6268,966,1609,459,2.2,0.627504942222347,3031,318,2683,352,0,22,2184,398,499,213,348,146,11.5,4.66384437995611,38360,1899,34085,1925,220,180,28928,2039,4937,881,4275,846,11.1,2.13530171910126,63316,2279,60571,2148,188,108,54733,2158,5650,689,2745,675,4.3,1.05459853396016,2613044,950,2410759,3634,17623,1023,2211770,6158,181366,4639,202285,3606,7.7,0.137971269673274,178714,404,162030,1448,630,289,138078,2163,23322,1757,16684,1418,9.3,0.793165802248883,264809367650.07,2527129.51069338
17,00481813,20,KS,Kansas,211755344060,1344141205,1124549,4096,994601,4606,5146,412,888495,5336,100960,2383,129948,1860,11.6,0.159954753033684,2828708,,713737,389,690890,1955,1291,364,630492,2929,59107,2611,22847,1924,1697310,778,1609338,3178,5034,593,1467838,5578,136466,4013,87972,3034,417661,722,325945,1563,4383,439,288864,1807,32698,1274,91716,1562,202535,3917,7.2,,3.2,0.269561435801891,5.2,0.178737650861941,22,0.372055971474724,159097,2090,138690,2442,461,296,116579,2514,21650,1693,20407,1192,12.8,0.730034812795047,22516,1021,20561,1059,125,76,17751,903,2685,467,1955,333,8.7,1.42557736629019,81707,1288,79194,1414,271,169,74976,1590,3947,834,2513,483,3.1,0.589145059655227,1948,317,1717,307,0,24,1505,323,212,158,231,110,11.9,5.30685803827281,66746,3117,61911,3098,49,41,52219,2929,9643,1348,4835,891,7.2,1.29133722371236,97059,2753,92434,2649,169,94,83206,2394,9059,953,4625,636,4.8,0.64118072067243,2159024,782,2013635,2821,9042,775,1852219,5632,152374,4771,145389,2862,6.7,0.132537456480284,333131,485,304357,2380,659,336,262766,3189,40932,2437,28774,2342,8.6,0.702914262057489,348444215501.098,2570737.6070544
18,01779786,21,KY,Kentucky,102279490672,2375337755,1728681,5065,1458107,6311,8739,548,1290740,6718,158628,3290,270574,3203,15.7,0.179520645555615,4309065,,1009027,817,955431,2660,2726,537,862796,4446,89909,3750,53596,2679,2632820,1042,2419447,5246,9923,1018,2181190,8106,228334,5535,213373,5038,667218,880,475923,2686,6385,623,418828,2905,50710,1582,191295,2527,458264,6241,10.6,,5.3,0.265468465855328,8.1,0.191326873609848,28.7,0.376844351914649,330960,2594,286277,3125,617,272,244329,3781,41331,2521,44683,1940,13.5,0.576543059142519,9417,722,7606,699,65,57,6665,652,876,250,1811,451,19.2,4.55659243683909,61434,1130,58893,1216,182,151,55586,1325,3125,662,2541,603,4.1,0.978588282786613,2714,415,2493,415,0,27,2145,438,348,157,221,142,8.1,5.08180968900282,42788,2841,38766,2795,9,13,32430,2498,6327,1272,4022,751,9.4,1.64044999988548,96021,2808,89364,2615,100,79,81440,2588,7824,857,6657,760,6.9,0.765086781319858,3665933,1345,3277560,6737,17809,1272,2964366,10925,295385,8226,388373,6772,10.6,0.184686974577445,153925,603,138248,1520,312,211,116529,2197,21407,1855,15677,1537,10.2,0.997740800652083,166712187197.746,2753450.11548372
19,01629543,22,LA,Louisiana,111897594374,23753621895,1736021,5617,1449635,6657,6886,607,1248814,7641,193935,3361,286386,3012,16.5,0.165085798329303,4534221,,1106257,565,1029678,3193,3330,769,902634,5714,123714,4359,76579,3270,2773986,1051,2511605,6135,9415,1211,2209755,9726,292435,7028,262381,5937,653978,959,468851,3012,4331,469,403182,3288,61338,1997,185127,2815,524087,7339,11.6,,6.9,0.295570205988056,9.5,0.213994146723238,28.3,0.42843633111009,1441463,3133,1183200,6546,5774,1155,967124,8448,210302,6376,258263,5799,17.9,0.400410431840361,25621,992,22389,1073,101,141,18906,1208,3382,718,3232,486,12.6,1.83292335212539,78534,1245,74692,1245,78,104,70552,1368,4062,665,3842,628,4.9,0.795883877349818,1387,271,1221,266,0,29,1148,240,73,62,166,91,12,6.1300450048267,57657,2768,50547,2766,118,95,42212,2624,8217,1178,7110,961,12.3,1.5580715252621,89479,3169,83972,3068,114,125,74897,2881,8961,1248,5507,770,6.2,0.832474358179783,2686985,1506,2459290,4810,10440,1244,2227150,8557,221700,6533,227695,4597,8.5,0.171018008545491,227444,628,199748,2232,591,283,168329,2984,30828,2301,27696,2154,12.2,0.946449282779959,167579279928.855,4198730.37851652
20,01779787,23,ME,Maine,79887426037,11746549764,556955,2215,492145,2235,5055,371,442109,2594,44981,1288,64810,1233,11.6,0.216491285776564,1296802,,253588,294,248005,773,637,202,230070,1429,17298,1181,5583,748,793078,622,756273,1498,4498,493,695402,2652,56373,2201,36805,1357,250136,534,199132,1224,4103,414,176352,1553,18677,820,51004,1287,93392,2014,7.2,,2.2,0.294955594953543,4.6,0.171066774654069,20.4,0.512675369878805,16282,741,14828,799,17,22,12942,858,1869,532,1454,404,8.9,2.44775775457706,8076,548,7293,556,20,14,6142,549,1131,298,783,138,9.7,1.57704520674384,13901,569,13274,582,6,7,12698,579,570,164,627,193,4.5,1.37605921507365,318,106,286,113,0,23,277,112,9,15,32,31,10.1,9.15317043845544,2818,436,2641,415,32,28,2250,393,359,180,177,140,6.3,4.87208841066614,27507,994,26073,991,20,13,23653,930,2400,434,1434,348,5.2,1.25102794241453,1213954,517,1125917,2102,9086,746,1031711,3766,85120,2919,88037,2049,7.3,0.168759025373417,20279,199,19180,358,95,59,17692,471,1393,332,1099,289,5.4,1.42412695647124,172395493965.668,3775973.49711918
21,01714934,24,MD,Maryland,25151100280,6979966958,2192518,5412,2001671,6501,8162,533,1842186,7162,151323,2871,190847,2873,8.7,0.129263015985889,5862883,,1341445,318,1305969,2618,2105,406,1216874,4465,86990,3495,35476,2603,3674696,890,3534875,4495,8004,649,3302836,7787,224035,5825,139821,4490,846742,839,697479,2684,7159,596,632574,2937,57746,1690,149263,2603,324560,5806,5.5,,2.6,0.194043469134189,3.8,0.122183502903249,17.6,0.306916975175966,1733105,3541,1618073,4764,4896,726,1458233,7167,154944,5222,115032,3532,6.6,0.203344381828035,15137,1181,13997,1149,93,79,12565,1147,1339,319,1140,262,7.5,1.62806842821315,368624,2411,362614,2484,587,226,351493,2799,10534,1162,6010,711,1.6,0.192584463097187,2914,510,2665,483,10,15,2092,327,563,332,249,131,8.5,4.2394937605603,248009,5984,232584,6064,396,298,198748,5575,33440,3227,15425,2198,6.2,0.873460798510736,194532,4382,189374,4402,289,154,179021,4187,10064,1357,5158,677,2.7,0.34285115964886,3016821,1772,2851698,4075,10553,821,2711220,6093,129925,4344,165123,3682,5.5,0.122006654359075,581123,497,547622,3460,859,376,481230,5516,65533,5085,33501,3436,5.8,0.591248417568881,44906383381.6367,3051475.45505454
22,00606926,25,MA,Massachusetts,20205125364,7129925486,2601914,4637,2345531,6079,8926,646,2185314,6665,151291,2738,256383,3385,9.9,0.128905906053339,6579553,,1374067,517,1343393,2169,1590,348,1277482,3131,64321,2148,30674,2160,4168397,801,4018884,4449,7457,923,3814121,6490,197306,4434,149513,4286,1037089,690,831267,2933,7759,672,759549,3097,63959,1757,205822,2921,386009,5619,5.9,,2.2,0.157195330818215,3.6,0.102818990229658,19.8,0.281344065851503,485651,4343,449493,4694,994,395,406332,5042,42167,2680,36158,2200,7.4,0.448080624997712,13947,1140,12341,1080,10,9,10921,985,1410,360,1606,624,11.5,4.37395820454064,420274,2201,405311,2591,500,250,388780,3022,16031,1476,14963,1530,3.6,0.363570419041408,2155,423,2016,401,10,20,1902,393,104,95,139,94,6.5,4.17416387294027,276042,7412,249143,6926,607,344,218254,6941,30282,2686,26899,2227,9.7,0.763153265366397,205615,5065,196481,5018,268,163,183307,5032,12906,1132,9134,1303,4.4,0.624189080389783,4760657,2986,4496885,5181,13919,1218,4297421,7440,185545,4332,263772,4264,5.5,0.0895000239121362,761903,855,696088,3719,1049,416,620482,4855,74557,4053,65815,3601,8.6,0.472532922560677,38926696230.6953,1986537.52628488
23,01779789,26,MI,Michigan,146600952990,103885855702,3909509,9207,3442305,9862,19507,651,3058732,11330,364066,3744,467204,3368,12,0.0814221894329729,9728101,,2190033,487,2111922,3599,3976,548,1916446,6127,191500,5265,78111,3627,5965329,1086,5643494,6224,17942,1106,5121610,10167,503942,6712,321835,6119,1572739,1008,1226416,3007,16921,770,1081919,3271,127576,2171,346323,2924,746269,7691,7.7,,3.6,0.16561204367104,5.4,0.102571366717185,22,0.18538123367088,1318910,3610,1153171,5275,3298,722,928808,6864,221065,6717,165739,4871,12.6,0.367714972627897,51355,1742,46339,1710,183,56,40852,1740,5304,607,5016,431,9.8,0.771091251552171,296513,1941,290339,1991,343,168,273742,2307,16254,1520,6174,893,2.1,0.300858635028921,2878,374,2513,347,8,14,2164,336,341,135,365,126,12.7,4.05598467870035,117424,4403,107919,4088,227,139,89732,3874,17960,2026,9505,1162,8.1,0.941879420401133,275573,4916,260538,4828,592,176,233961,4722,25985,1531,15035,1381,5.5,0.491595363990243,7344810,1798,6824531,6865,33854,1170,6287108,11451,503569,8205,520279,6430,7.1,0.0875276349536905,485555,749,448545,2035,551,199,391352,3480,56642,2972,37010,2071,7.6,0.426360136124313,296352305373.277,6631912.54004601
24,00662849,27,MN,Minnesota,206228939448,18945217189,2167801,5845,1958599,6011,14560,572,1784324,6845,159715,2280,209202,1998,9.7,0.0884179085468759,5394498,,1287474,415,1263950,1748,3384,551,1187525,3183,73041,2748,23524,1655,3310973,761,3198313,2794,13081,712,2981542,5322,203690,4075,112660,2701,796051,674,627222,2114,12206,525,554216,2339,60800,1445,168829,2092,305013,3796,5.7,,1.8,0.128544936003164,3.4,0.0815734793612071,21.2,0.262183036338137,327305,2752,303963,2938,969,381,265636,3948,37358,2661,23342,1698,7.1,0.515305171526552,55430,1204,47763,1239,156,69,40886,1273,6721,666,7667,642,13.8,1.11857136755181,257148,1663,250078,1748,1116,408,233950,2501,15012,1593,7070,943,2.7,0.366283579783364,2080,320,1904,325,4,3,1590,282,310,191,176,65,8.5,2.84095168284053,96771,3580,91286,3570,209,107,76537,3515,14540,1717,5485,1106,5.7,1.12350445323233,152993,3807,148965,3849,364,141,139373,3797,9228,805,4028,480,2.6,0.306823569078027,4338950,1337,4090971,3135,25430,972,3828549,5918,236992,4620,247979,2959,5.7,0.0681734801960992,286458,382,270853,1776,733,244,236361,2996,33759,2508,15605,1728,5.4,0.60318604936032,458774194717.879,4506552.19707327
25,01779790,28,MS,Mississippi,121533519481,3926919758,1105576,4591,901172,4832,5082,470,742807,5282,153283,2516,204404,2954,18.5,0.255923152622116,2892341,,717585,627,668285,2859,2193,479,553032,5016,113060,3980,49300,2873,1740508,1014,1555291,4729,6643,908,1304823,7514,243825,5610,185217,4499,434248,912,295352,2714,3704,508,244692,2763,46956,1641,138896,2536,373413,5910,12.9,,6.9,0.400325682079381,10.6,0.258413394140971,32,0.580121759290195,1080951,2459,887143,5680,4412,939,685336,7774,197395,6084,193808,5182,17.9,0.477654469533895,13238,725,10892,851,0,30,8181,1001,2711,633,2346,445,17.7,3.21837467790144,27405,809,25852,764,37,53,24138,792,1677,440,1553,349,5.7,1.26245502260971,626,194,491,190,0,30,417,187,74,57,135,76,21.6,10.1354779216644,26045,1658,22532,1560,20,23,18303,1414,4209,849,3513,805,13.5,2.9691411920328,39157,2326,36527,2234,131,93,31908,2039,4488,681,2630,423,6.7,1.00388954504831,1653618,1011,1490130,4003,7929,921,1297641,6287,184560,5139,163488,3794,9.9,0.229356665395833,84238,679,73873,1365,67,77,60273,1793,13533,1344,10365,1193,12.3,1.41274835753163,175235316695.004,3003226.57862831
26,01779791,29,MO,Missouri,178050802184,2489425460,2396271,6753,2091864,7960,13095,713,1843391,8873,235378,3519,304407,3467,12.7,0.140184129533615,5915004,,1379152,841,1319008,3386,3504,535,1187959,5531,127545,4133,60144,3374,3594671,1281,3370457,5366,12724,1125,3032230,9157,325503,6180,224214,5161,941181,1087,718635,3074,11838,808,625273,3017,81524,2239,222546,2937,506904,6830,8.6,,4.4,0.244628631361877,6.2,0.143556432849858,23.6,0.310857513832443,671109,2705,581863,4441,1810,541,490694,5150,89359,3842,89246,3996,13.3,0.593014873202018,25756,1082,22624,1137,81,55,19399,1040,3144,525,3132,376,12.2,1.36755529442386,113122,1543,109084,1652,236,154,101195,1660,7653,959,4038,767,3.6,0.676278543665707,6329,648,5256,675,26,43,4166,574,1064,436,1073,348,17,5.21731942528269,69326,3122,60682,2835,274,215,52556,2652,7852,1285,8644,1481,12.5,2.06116894433785,151013,3587,143862,3348,489,270,128061,3530,15312,1165,7151,831,4.7,0.538665754298238,4722561,1772,4342017,6160,24975,1541,3925394,10251,391648,8178,380544,6014,8.1,0.127310259988449,242469,568,219904,2119,509,227,191071,2848,28324,2021,22565,2054,9.3,0.846838031411774,294363343083.359,3050108.17717652
27,00767982,30,MT,Montana,376962738765,3869208832,423240,2033,369326,2542,3623,349,328144,2752,37559,1272,53914,1351,12.7,0.31328482944574,1012863,,226283,444,215558,1141,1073,315,197929,1739,16556,1226,10725,1108,608188,538,569844,1759,3739,465,517150,3138,48955,2301,38344,1689,178392,442,139708,1226,2701,373,122524,1433,14483,764,38684,1165,87753,2332,8.7,,4.7,0.489564014928132,6.3,0.277654176308799,21.7,0.650842270384082,4118,379,3792,378,43,61,3499,403,250,118,326,142,7.9,3.37042442216611,64847,1130,50212,1324,838,282,41157,1318,8217,930,14635,944,22.6,1.40160641912251,7603,468,7198,458,25,24,6567,473,606,185,405,166,5.3,2.15858709572191,708,173,694,173,0,23,601,203,93,105,14,14,2,1.91746023217709,5756,766,5296,755,1,3,5017,757,278,127,460,165,8,2.66198704875655,28618,1205,26777,1217,87,58,24340,1188,2350,394,1841,442,6.4,1.52054436087143,875665,454,807615,2393,6442,572,735534,4150,65639,2925,68050,2309,7.8,0.263654529421756,37367,246,34473,618,84,64,30897,792,3492,658,2894,562,7.7,1.50313636414192,820172629338.281,4615722.95252931
28,01779792,31,NE,Nebraska,198956658395,1371829134,754063,2749,667596,3244,4487,337,606698,3473,56411,1342,86467,1569,11.5,0.203830272410379,1852809,,470361,725,455628,1605,1128,226,427019,1986,27481,1502,14733,1472,1108897,764,1056647,2287,4282,496,982051,3256,70314,2144,52250,2074,273551,464,207131,1179,3464,332,183700,1378,19967,940,66420,1168,133403,2799,7.2,,3.1,0.31291387259656,4.7,0.187004524041385,24.3,0.424986106814536,85932,1421,74082,1538,111,68,64857,1634,9114,1134,11850,1258,13.8,1.44607891360985,16627,867,14285,793,143,106,11540,744,2602,358,2342,376,14.1,2.13878294951761,42546,924,40585,1084,270,191,37745,1203,2570,655,1961,577,4.6,1.35247997713915,1313,238,1194,240,0,22,1057,211,137,84,119,111,9.1,8.29276125419965,35145,2557,33221,2482,110,139,28705,2246,4406,895,1924,471,5.5,1.27960656688714,47132,2002,45024,2041,46,29,41576,1910,3402,502,2108,359,4.5,0.737618429237679,1472828,748,1377336,2110,7542,599,1287763,3629,82031,2670,95492,2052,6.5,0.139284887718419,199128,367,178817,1825,862,401,158540,2130,19415,1746,20311,1754,10.2,0.880639838236406,357863769082.871,2922199.15936517
29,01779793,32,NV,Nevada,284329506470,2047206072,1075930,3357,980878,4101,4520,397,869427,4681,106931,2642,95052,2238,8.8,0.206171661919304,2885149,,673170,183,650584,1769,1678,592,579860,3493,69046,3260,22586,1761,1779949,461,1700009,2940,4177,604,1529765,5409,166067,4849,79940,2897,432030,451,366476,1839,3884,483,328999,2116,33593,1615,65554,1812,168080,3844,5.8,,3.4,0.261596520354338,4.5,0.162753315700225,15.2,0.419116108098864,252550,2577,229808,3234,1248,596,190772,3261,37788,2990,22742,1963,9,0.771821544269102,34977,1354,30842,1284,147,99,25479,1259,5216,833,4135,638,11.8,1.76571241000428,233495,2259,225635,2399,402,201,211534,2784,13699,1705,7860,962,3.4,0.410711058609644,18952,630,17920,679,115,94,14919,912,2886,785,1032,324,5.4,1.69997211733516,292965,6326,273970,6163,668,371,225701,5903,47601,3154,18995,1620,6.5,0.534950258920429,138627,4036,134678,4074,361,170,124946,4047,9371,1219,3949,583,2.8,0.412294136921732,1440464,1034,1361814,2397,5022,657,1266877,4034,89915,3538,78650,2339,5.5,0.162330925705489,823482,466,770458,2922,2639,870,653678,6048,114141,5357,53024,2990,6.4,0.363074048609854,480296959354.523,3054837.00039464
30,01779794,33,NH,New Hampshire,23189413166,1026675248,528078,2194,486930,2653,2424,301,452480,2758,32026,1284,41148,1342,7.8,0.25205866534496,1301042,,261872,187,257998,717,240,86,246174,1245,11584,1129,3874,676,820447,390,796372,1421,2015,374,753755,2502,40602,2093,24075,1391,218723,349,186276,1220,2160,323,171200,1319,12916,927,32447,1256,60396,1992,4.6,,1.5,0.258139220523676,2.9,0.169535987426723,14.8,0.573754237107202,17880,975,17391,1010,25,27,16184,1006,1182,388,489,195,2.7,1.08035920468973,1972,305,1891,307,38,42,1497,289,356,188,81,59,4.1,2.92366084391084,34582,754,34002,779,14,21,32197,813,1791,541,580,234,1.7,0.67566376766795,310,149,277,146,19,30,178,75,80,121,33,37,10.6,10.7831692828115,6187,838,6059,831,0,27,5683,811,376,144,128,84,2.1,1.32845343483365,25971,1235,25032,1254,68,68,23395,1290,1569,371,939,266,3.6,1.00968550130158,1180229,647,1123525,2083,4219,564,1061875,3228,57431,2829,56704,2043,4.8,0.173081961257821,45791,327,44133,484,56,51,40946,638,3131,586,1658,418,3.6,0.912476862005246,45993313981.2422,1325725.46016365
31,01779795,34,NJ,New Jersey,19047825980,3544860246,3213362,6651,2896471,7894,11183,655,2678901,9020,206387,3050,316891,3413,9.9,0.104232974240167,8697059,,1967889,429,1904448,3276,3244,597,1775118,5757,126086,4913,63441,3214,5397802,1078,5190697,5654,11624,1126,4882768,9453,296305,6294,207105,5458,1331368,1019,1074302,3293,9603,745,979232,3928,85467,2287,257066,3033,527612,7023,6.1,,3.2,0.163320707806996,3.8,0.10111232829382,19.3,0.227330950818632,1144475,4302,1042863,5819,2993,797,927098,6414,112772,5000,101612,3402,8.9,0.29537478455376,18210,1463,16723,1443,69,77,14895,1348,1759,592,1487,382,8.2,1.99252356826935,817252,2747,803435,3015,1480,409,780980,3120,20975,1755,13817,1222,1.7,0.149417455897653,3211,458,3015,468,17,28,2822,478,176,111,196,126,6.1,3.8262046302054,562614,10539,501321,10278,1211,441,434875,10197,65235,4143,61293,2980,10.9,0.488778348152811,227609,5396,220131,5532,674,472,206106,5321,13351,1501,7478,747,3.3,0.318817820723867,4867943,2218,4604481,5222,15368,1203,4390303,7445,198810,5527,263462,4641,5.4,0.0953061130428636,1743515,889,1598133,5048,4548,954,1422929,7491,170656,5482,145382,5107,8.3,0.292883168627082,34585251558.0195,1108954.77082574
32,00897535,35,NM,New Mexico,314196306401,728776523,775651,3254,649937,3675,4931,497,555542,4179,89464,2245,125714,2362,16.2,0.296830449380107,2049476,,492587,412,450197,2145,1508,367,384822,3324,63867,2773,42390,2136,1222477,685,1094519,3533,6111,865,947032,5312,141376,4188,127958,3373,334412,635,250161,2072,3952,503,213767,2298,32442,1513,84251,1939,254599,4438,12.4,,8.6,0.433569242497392,10.5,0.275852867204619,25.2,0.577846788232727,40152,1301,36207,1332,197,129,30548,1333,5462,1043,3945,628,9.8,1.53131443714951,196122,1663,134786,2127,1960,531,95195,2403,37631,1933,61336,2541,31.3,1.26819225419496,30831,1149,29746,1173,134,106,27498,1240,2114,559,1085,317,3.5,1.01978696889089,1434,330,1327,326,0,28,1257,313,70,59,107,85,7.5,5.67331318837483,184702,4901,151444,4661,899,419,122224,4435,28321,3083,33258,2016,18,0.981357205618941,66270,2892,60089,2836,79,47,52779,2781,7231,1149,6181,750,9.3,1.05600688900114,772896,946,719185,2430,5275,696,655461,3510,58449,2851,53711,2385,6.9,0.308462430391797,995742,597,860874,4291,4090,796,722256,6363,134528,5003,134868,4167,13.5,0.41840309823615,464401254928.867,2900289.74311495
33,01779796,36,NY,New York,122049149763,19246994695,7316537,13711,6456229,16791,26514,972,5853531,20746,576184,7704,860308,6284,11.8,0.0830129249442543,19043605,,4116950,1556,3915722,5927,7869,1004,3581701,10121,326152,7417,201228,5975,11974158,1611,11374785,10945,28170,1369,10506855,19593,839760,14793,599373,10665,2952497,1422,2285599,5596,21954,1052,2044707,5953,218938,3995,666898,5730,1467499,13501,7.7,,4.9,0.145119953976244,5,0.0890642593217909,22.6,0.193767871620728,2924475,7893,2645087,9093,6974,1053,2333286,11070,304827,7583,279388,6460,9.6,0.219384336588837,77397,2850,68963,2948,222,122,59590,2782,9151,1209,8434,1003,10.9,1.23222770688022,1595613,4561,1519113,5474,3266,764,1436359,6640,79488,3778,76500,3276,4.8,0.204855042056435,7636,783,6911,730,50,61,6268,711,593,237,725,252,9.5,3.15328327533435,1685068,19951,1531645,18263,2160,479,1330961,16757,198524,8243,153423,5933,9.1,0.335183962942196,580668,9603,553546,9728,1069,286,513579,9517,38898,2896,27122,2111,4.7,0.355245585685116,10657520,3677,9856523,10820,40190,1819,9204118,15976,612215,11437,800997,9794,7.5,0.0918609609262699,3615338,1857,3311154,6911,6694,1014,2925682,12773,378778,10211,304184,7049,8.4,0.19492695323662,237353385392.078,3682010.17010104
34,01027616,37,NC,North Carolina,125923656064,13466071395,3918597,8585,3424443,10215,16610,748,3040303,13039,367530,4969,494154,4572,12.6,0.113356253593345,9882910,,2287538,575,2185559,4015,5382,708,1965271,7609,214906,5721,101979,4055,6068492,1206,5679508,8830,17375,1322,5117702,16118,544431,10681,388984,8799,1526880,1080,1167400,3977,14218,833,1033196,3974,119986,2960,359480,3799,850443,10407,8.6,,4.5,0.177261272940552,6.4,0.144989239837526,23.5,0.248250109094313,2093654,5899,1823480,7744,6109,984,1544377,8466,272994,7188,270174,6359,12.9,0.301543248151137,118028,1593,95898,1801,592,309,75165,1891,20141,1462,22130,1379,18.7,1.14063167714951,275654,1943,267607,1908,355,175,253668,2217,13584,1509,8047,1094,2.9,0.396340558482094,6469,674,5943,597,10,16,4710,607,1223,294,526,280,8.1,4.24461841650574,303405,7838,276238,7821,971,475,228912,7037,46355,3465,27167,2544,9,0.805945435779718,253982,6186,243670,6074,539,317,223626,6103,19505,1552,10312,883,4.1,0.33330193488027,6282265,2363,5822574,6983,26800,1517,5361714,12530,434060,9195,459691,6966,7.3,0.110849410994631,916776,794,834123,4233,2652,741,708529,6659,122942,5180,82653,4129,9,0.450314954991569,195801753003.506,4403735.8828274
35,01779797,38,ND,North Dakota,178707534813,4403267548,314903,1937,278839,2119,1219,196,246480,2507,31140,1264,36064,887,11.5,0.272722885382201,726653,,173222,329,168467,686,147,59,153740,1340,14580,1242,4755,622,450072,546,429685,1201,1027,201,388000,2227,40658,1894,20387,1131,103359,343,74913,929,982,201,65340,1045,8591,648,28446,984,53588,1623,7.4,,2.7,0.35903893986061,4.5,0.251233036008463,27.5,0.94763059538153,19155,808,17333,906,48,71,13869,1109,3416,931,1822,535,9.5,2.76403451048117,37965,741,31234,829,132,64,24418,929,6684,752,6731,576,17.7,1.47719659179275,10487,496,9773,558,27,42,8588,608,1158,360,714,381,6.8,3.61877048748425,363,155,359,154,0,22,265,121,94,81,4,4,1.1,0.996421956068144,7297,965,6577,863,2,4,5016,763,1559,580,720,357,9.9,4.71519591179913,17795,1191,17057,1130,54,42,15434,1123,1569,416,738,292,4.1,1.61726369785719,618613,617,576278,1301,1884,313,527446,2965,46948,2421,42335,1241,6.8,0.200493919903443,25373,233,23886,540,17,15,19801,906,4068,701,1487,479,5.9,1.88706626644528,400350928827.844,3125578.96415313
36,01085497,39,OH,Ohio,105828882568,10268850702,4654075,10201,4068830,10601,23470,943,3676288,12293,369072,4723,585245,4320,12.6,0.0886353626055115,11327784,,2612731,621,2500236,4136,4762,640,2309699,6779,185775,5157,112495,4101,6896697,1346,6501199,5920,22682,1319,6002020,11793,476497,8658,395498,5721,1818356,1197,1386753,3755,19547,982,1235627,4137,131579,2920,431603,3686,939596,7946,8.3,,4.3,0.15695886160519,5.7,0.0829452021459048,23.7,0.202107490971031,1372513,4782,1208759,6325,3843,651,1039510,7296,165406,4903,163754,4561,11.9,0.329699957112707,22779,1208,20107,1164,150,108,17580,1085,2377,533,2672,473,11.7,1.98110630435996,242732,2107,234026,2177,958,233,222668,2414,10400,1194,8706,1268,3.6,0.521458243743905,3522,428,3238,412,10,16,2761,412,467,278,284,119,8.1,3.23354632061307,107031,3903,97604,3970,278,198,84311,3881,13015,1529,9427,1325,8.8,1.19556850133277,316915,5379,300232,5159,645,254,270979,5120,28608,1912,16683,1370,5.3,0.422958163176628,9000104,2512,8282636,8017,40195,1859,7693020,13216,549421,9496,717468,7700,8,0.0855256298594073,419245,684,386087,2158,1208,472,341168,3203,43711,2398,33158,2094,7.9,0.499302578161996,184250016903.082,2145537.3902456
37,01102857,40,OK,Oklahoma,177662925723,3374587997,1474620,3107,1278772,3513,5806,340,1108243,4026,164723,2260,195848,2037,13.3,0.135273202839222,3808014,,955798,420,906245,1959,1395,214,798473,3437,106377,2961,49553,1965,2282720,805,2119979,3289,5914,434,1869791,5309,244274,4049,162741,3013,569496,672,434092,1815,5357,472,372845,2042,55890,1298,135404,1613,347698,3942,9.1,,5.2,0.20557475011262,7.1,0.131967712793211,23.8,0.28183994730224,270609,1951,232491,2282,608,273,193138,2049,38745,2133,38118,1772,14.1,0.646896314417415,287071,2757,250382,2779,954,188,205121,2695,44307,1591,36689,1300,12.8,0.435898090673452,80648,1189,77521,1308,259,160,71993,1512,5269,740,3127,542,3.9,0.669620793640421,4227,568,3532,490,0,22,3032,506,500,161,695,336,16.4,7.63568529789592,103905,3337,90857,3409,148,138,74718,2850,15991,1328,13048,1369,12.6,1.25430737920929,295080,4237,273773,4137,575,161,237644,4118,35554,1407,21307,1025,7.2,0.331529032553495,2520708,1082,2306183,3481,9683,653,2060155,5678,236345,4475,214525,3383,8.5,0.134158598719263,397336,598,360745,2206,639,225,306979,3100,53127,2638,36591,2081,9.2,0.523554673829975,274418929032.125,3307801.49902582
38,01155107,41,OR,Oregon,248606993270,6192386935,1591835,4000,1461755,4769,8446,558,1329086,5277,124223,2679,130080,2393,8.2,0.148920640402596,3993967,,865027,394,847747,1597,1647,441,787827,3291,58273,2904,17280,1492,2463545,957,2381035,3157,7358,756,2209124,5616,164553,4859,82510,2987,665395,897,563981,2496,7677,657,506248,3181,50056,1795,101414,2434,201204,4132,5,,2,0.17247776544802,3.3,0.121241058141236,15.2,0.365220282502773,73475,1678,67906,1685,51,44,60777,1916,7078,893,5569,1068,7.6,1.44321216051027,45209,2056,41141,1907,320,170,34998,1803,5823,793,4068,562,9,1.17382991372147,170726,1869,165815,1884,558,302,157408,1916,7849,991,4911,703,2.9,0.410565009837746,15522,687,14617,883,36,49,12258,982,2323,813,905,397,5.8,2.54460871094951,123958,4364,116449,3906,328,165,102390,3853,13731,1946,7509,1472,6.1,1.16819188696252,185772,3890,179969,3820,493,187,166952,3648,12524,1340,5803,947,3.1,0.50555077615019,3043455,1739,2891871,3839,14289,1132,2687149,6015,190433,5047,151584,3493,5,0.114735587846247,511939,864,482131,2951,1001,373,429630,4114,51500,3872,29808,2743,5.8,0.535715904169004,485172367900.613,3245538.65057504
39,01779798,42,PA,Pennsylvania,115884442321,3394589990,5025132,9263,4344824,10428,31741,1027,3944835,12973,368248,5226,680308,4551,13.5,0.0870586856791477,12366049,,2664849,567,2547957,3932,6210,823,2373549,6469,168198,5061,116892,3866,7560962,1393,7139487,6849,29927,1466,6627630,12451,481930,9070,421475,6546,2140238,1357,1581694,4776,27626,1129,1405214,4313,148854,3075,558544,4583,1096911,8877,8.9,,4.4,0.145070883850386,5.6,0.0865701933732331,26.1,0.213494800834885,1334293,5155,1184020,6415,4742,693,1014613,7069,164665,5576,150273,4382,11.3,0.325518402668086,23279,1727,20241,1656,92,72,18178,1645,1971,351,3038,461,13.1,1.7275233898559,412902,2230,399553,2309,947,265,380341,3096,18265,1816,13349,1141,3.2,0.27578457272812,3914,446,3404,387,25,33,3040,334,339,208,510,229,13,5.65925637217897,249896,5291,227934,5278,528,294,192411,5355,34995,3032,21962,2053,8.8,0.800191526950623,297956,5933,283338,6207,709,259,260608,5920,22021,1581,14618,1354,4.9,0.443804571779996,9545854,2644,8695100,8261,55437,1933,8131851,12995,507812,9667,850754,7678,8.9,0.0803949357639836,872804,1066,798966,3635,2189,693,701382,6036,95395,4107,73838,3574,8.5,0.409354453482456,205470650971.238,2099403.10040633
40,01219835,44,RI,Rhode Island,2677779902,1323670487,410885,1911,360113,2249,1496,266,333018,2255,25599,1063,50772,1636,12.4,0.393995516986937,1014869,,208160,195,202667,849,534,228,190336,1583,11797,1397,5493,821,640314,407,609979,2029,1338,375,573795,2909,34846,2066,30335,2012,166395,394,126629,1443,1122,229,115480,1484,10027,812,39766,1353,75594,2560,7.4,,2.6,0.394400400683324,4.7,0.314206405951077,23.9,0.811153904920241,65879,1762,60093,1826,163,121,54853,1923,5077,887,5786,870,8.8,1.29954307799368,5244,815,4127,786,0,30,3490,781,637,258,1117,418,21.3,7.25107402032997,33373,891,32484,930,26,46,30961,1050,1497,535,889,276,2.7,0.823952200302698,824,303,824,303,0,30,682,276,142,135,0,30,0,3.64077669902913,56519,2934,50200,2872,124,159,41210,2667,8866,1537,6319,1049,11.2,1.76293289674393,30965,1943,29213,1840,124,121,27139,1834,1950,539,1752,528,5.7,1.66778108220249,737089,911,684133,2022,2239,464,649533,2405,32361,1898,52956,2062,7.2,0.279608160493162,154688,298,140731,1618,463,301,123431,2791,16837,2094,13957,1592,9,1.02902159777637,5138826412.45703,684858.781468928
41,01779799,45,SC,South Carolina,77864918488,5075218778,1894711,6012,1633709,6569,7819,535,1415022,8373,210868,3941,261002,3102,13.8,0.157776261723421,4819128,,1093030,511,1038982,3007,2041,474,913376,5366,123565,4575,54048,2951,2915944,738,2692918,5927,8016,874,2368064,10598,316838,7765,223026,5881,810154,575,625436,2361,6969,673,548247,2816,70220,2205,184718,2319,461792,6977,9.6,,4.9,0.269973543299934,7.6,0.201674967326028,22.8,0.285784083142672,1290162,3349,1088000,5532,5108,960,869227,8093,213665,6724,202162,5559,15.7,0.428951964520896,16377,975,14862,964,26,20,12899,958,1937,489,1515,356,9.3,2.10285604737989,72985,1283,70845,1329,46,52,66853,1498,3946,839,2140,499,2.9,0.681756466438078,2791,492,2214,358,0,29,1900,314,314,153,577,332,20.7,11.3233678603396,76800,3469,67267,3397,355,289,54766,3330,12146,1614,9533,1566,12.4,1.96046398725671,104875,3450,99020,3454,134,119,88015,3263,10871,1219,5855,712,5.6,0.653590739263462,3085839,1560,2864568,4234,11032,916,2609825,8872,243711,6823,221271,3738,7.2,0.12107974222846,265670,827,235514,2785,780,423,195827,3572,38907,3000,30156,2657,11.4,0.999488547804569,117400772448.367,1913780.73006024
42,01785534,46,SD,South Dakota,196346981786,3382720225,341565,2003,296335,2264,1843,201,264247,2334,30245,1032,45230,1063,13.2,0.301370934756506,830281,,211579,421,199516,937,392,168,182674,1359,16450,1033,12063,878,489879,577,457788,1374,2071,367,417162,2017,38555,1405,32091,1309,128823,553,95894,987,1344,194,83994,1019,10556,610,32929,1079,77083,1910,9.3,,5.7,0.414819920427016,6.6,0.267097418950193,25.6,0.830364780822806,14929,757,13122,932,69,102,10880,921,2173,648,1807,714,12.1,4.74309324734362,70236,1078,48946,1422,246,116,39118,1441,9582,910,21290,1258,30.3,1.72962667406267,12094,463,11450,512,44,39,9699,600,1707,566,644,288,5.3,2.3726043554549,271,99,237,96,0,22,200,84,37,33,34,38,12.5,13.2519449145052,6320,845,5594,735,160,136,4706,704,728,333,726,363,11.5,5.53451058030788,22081,1521,21041,1511,0,22,19158,1403,1883,347,1040,235,4.7,1.01360730718486,685692,725,635569,1644,3144,472,585178,2502,47247,1890,50123,1538,7.3,0.224165755985374,30669,305,28215,539,306,182,24336,772,3573,597,2454,472,8,1.53695475234524,391981981880.488,2963038.79879796
43,01325873,47,TN,Tennessee,106802728188,2350123465,2567061,6524,2185963,7772,10737,624,1916466,9684,258760,3959,381098,3547,14.8,0.132922686254343,6496195,,1498210,871,1411718,3715,3050,479,1252590,5934,156078,4590,86492,3958,3983552,1237,3667713,6762,11318,1006,3273914,11872,382481,7683,315839,6443,1014433,977,744253,3135,9476,749,649613,3792,85164,2562,270180,3137,672511,8186,10.4,,5.8,0.264160604024832,7.9,0.161721335323555,26.6,0.308171097961599,1075296,3501,901769,5364,2058,694,748795,6902,150916,4889,173527,4880,16.1,0.450776790368846,17311,1115,14947,1097,91,79,12414,947,2442,591,2364,355,13.7,1.85250605711499,110279,1420,107424,1438,149,99,102205,1483,5070,801,2855,513,2.6,0.463987787200551,3701,503,3188,443,0,29,2755,440,433,197,513,277,13.9,7.24349993921094,88995,3591,77143,3304,237,199,63308,3424,13598,1437,11852,1709,13.3,1.84361264269517,139290,4299,130238,4227,250,109,113954,3880,16034,1598,9052,827,6.5,0.558820449589935,4823344,1744,4374469,7022,20433,1399,3950491,13533,403545,9523,448875,6926,9.3,0.143553892698399,345931,553,309304,3037,892,355,261281,4452,47131,3386,36627,3052,10.6,0.882094494697295,166479132010.395,2621414.14746378
44,01779801,48,TX,Texas,676653171537,19006305260,9553046,18343,8525218,22766,31616,1041,7514573,27989,979029,9093,1027828,7498,10.8,0.0757204389059145,27285450,,7278470,1047,6843647,9114,13717,1520,6009159,20069,820771,14424,434823,9273,16760565,1568,15664633,16267,39509,2298,13985892,32272,1639232,21832,1095932,16013,3246415,1482,2599103,5229,23971,1186,2285690,6733,289442,4122,647312,5170,2178067,19213,8,,6,0.127400250925255,6.5,0.0955377802946458,19.9,0.158992247752583,3224432,6999,2875602,9267,9896,1653,2477893,12311,387813,9739,348830,6820,10.8,0.210202534662332,132035,4954,121175,4810,546,395,105245,4528,15384,1629,10860,1148,8.2,0.812854692639486,1292944,5075,1266536,5314,2002,512,1211464,5743,53070,3351,26408,2170,2,0.167642443085513,23102,1181,21653,1132,12,21,18900,1266,2741,810,1449,561,6.3,2.40709936246115,1574544,19548,1415624,19238,4220,985,1186360,16337,225044,8131,158920,5827,10.1,0.34821580936004,712689,12909,684444,12979,1492,467,628643,12546,54309,2905,28245,1665,4,0.222320165012556,11552378,3836,10974925,9132,38556,1908,10180383,18684,755986,14674,577453,8446,5,0.0730916455435599,10746176,2476,9538804,18278,25554,2319,7991529,35085,1521721,24224,1207372,18073,11.2,0.168160831161919,948772603667.359,8498747.68231443
45,01455989,49,UT,Utah,212886221680,6998824394,957619,2261,903951,2839,4424,373,816963,3313,82564,2071,53668,1544,5.6,0.160689337276376,2998673,,915890,303,902618,1444,1440,395,843250,3872,57928,3311,13272,1388,1767401,614,1726994,1939,4471,631,1583870,4844,138653,4353,40407,1863,315382,567,276019,1281,4066,400,247330,1711,24623,1156,39363,1453,93042,2740,3.1,,1.4,0.151545824859747,2.3,0.105406023517745,12.5,0.460164381099225,34507,1199,32669,1398,57,68,27693,1500,4919,1310,1838,720,5.3,2.07830880860709,31839,1277,25077,1325,30,32,20703,1388,4344,570,6762,670,21.2,1.92422472954122,68461,1336,66899,1354,219,173,63141,1466,3539,796,1562,397,2.3,0.578180349246111,26600,1021,25065,1165,13,17,22374,1309,2678,785,1535,663,5.8,2.48261977525411,155992,4590,148072,4589,204,158,129209,4701,18659,2570,7920,1409,5.1,0.890811206959821,88101,2758,86621,2735,187,151,80956,2677,5478,763,1480,331,1.7,0.372006410625236,2359117,979,2299278,2376,8617,894,2137651,5475,153010,5222,59839,2162,2.5,0.0916384132490758,415860,478,395072,2202,961,338,344233,4100,49878,3825,20788,2143,5,0.515285621723364,368286055480.023,2557182.52571818
46,01779802,50,VT,Vermont,23874175944,1030416650,259589,1229,230736,1312,1937,213,206470,1445,22329,930,28853,897,11.1,0.341515861895596,599602,,117840,176,114504,610,286,121,105717,943,8501,703,3336,576,372217,335,354732,1093,1803,246,324398,1786,28531,1498,17485,1060,109545,313,87545,914,1405,229,77755,1051,8385,689,22000,859,42821,1481,7.1,,2.8,0.488780083150029,4.7,0.284748729954709,20.1,0.782050229222116,6786,408,6274,489,0,22,5703,564,571,233,512,320,7.5,4.69372101426942,2007,305,1774,286,35,26,1564,262,175,84,233,95,11.6,4.39235665784036,9724,418,9372,480,11,11,8809,546,552,313,352,226,3.6,2.31893146813948,177,78,150,82,0,22,140,82,10,10,27,24,15.3,11.7757019740841,2152,349,2090,344,0,22,1819,314,271,169,62,57,2.9,2.60716321642769,11392,675,10752,669,29,23,9737,687,986,230,640,146,5.6,1.23761639456604,559659,416,519106,1631,3406,392,473580,2463,42120,1916,40553,1562,7.2,0.279046547843012,10378,199,9897,251,16,14,8897,307,984,259,481,151,4.6,1.45228418646254,48272262368.6875,1281146.38406649
47,01779803,51,VA,Virginia,102257717110,8528531774,3128415,7210,2811441,7978,14257,862,2547670,9894,249514,3638,316974,3124,10.1,0.0970902351034036,8169581,,1863060,836,1812773,2786,3250,606,1669220,6141,140303,4853,50287,2799,5104589,1182,4872418,6475,14037,1341,4490802,11514,367579,7768,232171,6011,1201932,913,952268,3169,11801,812,855252,3980,85215,2363,249664,3129,532122,7332,6.5,,2.7,0.150231825129025,4.5,0.117752077300356,20.8,0.259852261953459,1538079,5518,1384923,6875,4987,854,1193261,8790,186675,5688,153156,4514,10,0.291300638333258,21885,1347,20293,1316,16,17,18391,1321,1886,358,1592,300,7.3,1.29562127611331,522170,3386,514256,3449,650,278,499031,3529,14575,1644,7914,813,1.5,0.155385934039704,5298,500,5116,496,0,28,4815,498,301,156,182,82,3.4,1.51341806341826,204362,6360,192685,6421,1172,774,166073,5616,25440,3037,11677,1769,5.7,0.847158982833811,300373,6008,290460,6268,693,229,273544,6042,16223,1250,9913,1083,3.3,0.354457540330553,5098399,1940,4777136,6364,20625,1297,4448597,10141,307914,7539,321263,5714,6.3,0.112048747340464,753472,1210,712567,3351,2309,901,640322,5243,69936,4319,40905,3197,5.4,0.424212852518214,167393387789.438,3720009.40071729
48,01779804,53,WA,Washington,172112588220,12559278850,2800423,5474,2595537,6305,12295,700,2408871,7094,174371,2899,204886,3275,7.3,0.116068900909783,7151776,,1630046,417,1588826,2462,3540,818,1500563,4579,84723,3679,41220,2400,4477220,933,4335731,4166,12074,1273,4092928,7026,230729,5508,141489,4099,1044510,896,895308,3308,10160,618,818031,3560,67117,2225,149202,2960,331911,5597,4.6,,2.5,0.147233687521553,3.2,0.0915499786737319,14.3,0.283121429816942,258072,3247,243869,3134,1028,618,222222,3474,20619,1537,14203,1397,5.5,0.536874841638758,91612,2474,82319,2477,451,182,72675,2410,9193,1136,9293,791,10.1,0.818815889850887,597474,3218,580716,3366,1333,424,558393,3618,20990,1792,16758,1250,2.8,0.208668006653804,46935,1218,44742,1232,128,126,41254,1523,3360,797,2193,524,4.7,1.10983363553234,305792,7461,279435,7088,777,378,251148,6662,27510,2645,26357,2420,8.6,0.762933779911563,406171,5467,395925,5432,822,237,374067,5491,21036,1674,10246,965,2.5,0.23514596778002,4947861,1764,4735809,4536,20339,1587,4484249,7246,231221,5705,212052,4460,4.3,0.0901270107147489,895427,906,824407,3844,1921,606,739607,5615,82879,4335,71020,3574,7.9,0.399058497807688,383121257587.906,5712576.49965079
49,01779805,54,WV,West Virginia,62266474513,489028543,734676,2910,601224,3089,3568,359,528930,3257,68726,1556,133452,2142,18.2,0.282539983807063,1781035,,371910,582,356005,1543,865,265,322938,2069,32202,1803,15905,1423,1074039,667,980473,2741,4118,589,879900,4248,96455,3247,93566,2623,335086,606,229969,1925,2841,368,200008,2107,27120,1295,105117,1985,214588,3584,12,,4.3,0.382560918307785,8.7,0.244158388664252,31.4,0.589662342300419,58823,1212,52604,1323,110,80,44743,1608,7751,983,6219,679,10.6,1.13356964025542,3489,448,2894,439,27,48,2510,431,357,145,595,213,17.1,5.69867051072284,14174,600,13598,604,6,9,12870,635,722,232,576,214,4.1,1.4999746671016,335,122,244,100,0,27,241,101,3,6,91,81,27.2,22.0627522274729,6597,1033,6283,1002,48,78,5440,932,795,329,314,219,4.8,3.23494353376617,30830,1237,28783,1294,20,21,26175,1331,2588,442,2047,438,6.6,1.39549303060362,1648550,1030,1445078,4332,7533,875,1295230,5698,142315,3863,203472,4290,12.3,0.260114401804185,25208,507,23397,690,130,148,21281,819,1986,475,1811,407,7.2,1.60808814027241,103045995644.488,2614070.38582527
50,01779806,55,WI,Wisconsin,140290039723,29344951758,2343129,6471,2061845,6806,16685,630,1869284,7438,175876,2452,281284,2241,12,0.0897114188065974,5631740,,1286870,485,1238291,2334,2798,405,1153083,3390,82410,2784,48579,2337,3454145,876,3280663,3842,15440,812,3040663,5553,224560,3746,173482,3493,890725,785,675315,2314,14563,676,597769,2660,62983,1632,215410,2130,437471,4712,7.8,,3.8,0.181597852294824,5,0.101116858372454,24.2,0.238179354793549,348611,1950,302040,2337,879,335,253792,3308,47369,2613,46571,2431,13.4,0.693323602164179,48265,1148,41860,1114,287,91,36433,1149,5140,507,6405,543,13.3,1.07985267357363,155419,1338,150384,1453,223,118,140579,1811,9582,1346,5035,922,3.2,0.592579100223977,1913,408,1347,210,30,30,1161,223,156,85,566,347,29.6,17.0060522554669,114330,3541,101484,3651,61,51,85417,3549,16006,1706,12846,1451,11.2,1.22049102627807,131140,3646,125376,3516,427,144,113546,3529,11403,1074,5764,809,4.4,0.604673739490574,4602496,1229,4258200,4043,30498,1285,3969603,6036,258099,4293,344296,3935,7.5,0.0854737483481964,377730,481,346459,2148,510,191,304382,3023,41567,2370,31271,2155,8.3,0.570415922875014,287412766182.25,3531267.26152137
51,01779807,56,WY,Wyoming,251458544898,1867670745,230630,1390,209397,1537,1362,232,185771,1771,22264,1112,21233,983,9.2,0.422596606687833,567639,,137142,380,134324,759,393,211,123563,1509,10368,1216,2818,625,345260,433,332060,1272,1516,358,300930,2210,29614,1853,13200,1196,85237,337,69180,885,1091,284,60413,1183,7676,698,16057,874,32075,1608,5.7,,2.1,0.455696448201904,3.8,0.346372422164941,18.8,1.02266775471145,5075,605,4866,625,0,28,4396,631,470,260,209,109,4.1,2.09092073856956,13384,786,11603,813,27,40,9016,906,2560,408,1781,353,13.3,2.51904469698249,4482,494,4362,496,30,31,3853,482,479,225,120,68,2.7,1.48820446186484,519,270,510,269,0,28,506,267,4,7,9,17,1.7,3.14884871715849,9055,1154,8219,1113,2,3,6863,1004,1354,569,836,345,9.2,3.62381715229282,15246,1068,14930,1054,69,69,13911,1031,950,303,316,201,2.1,1.31035911950966,478576,246,452782,1651,2556,551,413813,2866,36413,2331,25794,1647,5.4,0.344134814738202,55366,238,51276,644,318,222,43779,1367,7179,1241,4090,625,7.4,1.12840490985153,474197554689.898,2777134.58728037
52,01779808,72,PR,Puerto Rico,8868896030,4922382562,1205075,4286,777129,4818,9277,686,639230,5030,128622,2217,427946,3675,35.5,0.277575881316738,3349697,,686286,322,564560,2894,6044,814,469389,3696,89127,2712,121726,2850,2034733,795,1558077,5442,19076,1860,1315843,7395,223158,4688,476656,5332,628678,771,290776,3235,4141,508,231892,3379,54743,1872,337902,3303,936284,6889,28,,17.7,0.415195367913771,23.4,0.261889229038312,53.7,0.521236876663063,361928,6291,261122,5483,1125,313,222424,5261,37573,2041,100806,3461,27.9,0.824661189636812,8479,1171,6562,952,0,32,5673,918,889,347,1917,519,22.6,5.26471885260463,6556,886,5166,837,24,29,4714,819,428,156,1390,380,21.2,5.03846898070307,284,263,214,257,0,32,214,257,0,32,70,53,24.6,13.1425492526856,541530,8188,364248,7167,2273,631,315375,6544,46600,2838,177282,4965,32.7,0.771745848295764,172958,4858,140144,4561,783,429,122892,4120,16469,1585,32814,1774,19,0.876387918182072,27465,1541,22889,1445,800,249,19098,1343,2991,560,4576,605,16.7,1.99460504418156,3313002,1828,2383178,8478,28165,2374,1991726,10824,363287,7059,929824,8559,28.1,0.257881210570593,9987439695.85156,764185.625731979
