FIPS,RPL_THEMES,COUNTY
36005000100,-999.0,Bronx
36005000200,0.9544,Bronx
36005000400,0.6322,Bronx
36005001600,0.9761,Bronx
36005001900,0.9752,Bronx
36005002000,0.971,Bronx
36005002300,0.9954,Bronx
36005002400,0.106,Bronx
36005002500,0.9772,Bronx
36005002701,0.9814,Bronx
36005002702,0.9993,Bronx
36005002800,0.8002,Bronx
36005003100,0.8268,Bronx
36005003300,0.9853,Bronx
36005003500,0.9916,Bronx
36005003700,0.7221,Bronx
36005003800,0.8665,Bronx
36005003900,0.9838,Bronx
36005004001,0.848,Bronx
36005004100,0.9949,Bronx
36005004200,0.9496,Bronx
36005004300,0.9965,Bronx
36005004400,1.0,Bronx
36005004600,0.989,Bronx
36005004800,0.9608,Bronx
36005005001,0.9993,Bronx
36005005002,0.9965,Bronx
36005005100,0.9979,Bronx
36005005200,0.9201,Bronx
36005005300,0.9849,Bronx
36005005400,0.9702,Bronx
36005005600,0.9933,Bronx
36005005902,0.8897,Bronx
36005006000,0.9416,Bronx
36005006100,0.6507,Bronx
36005006200,0.9989,Bronx
36005006300,0.9708,Bronx
36005006400,0.9517,Bronx
36005006500,0.9945,Bronx
36005006700,0.9863,Bronx
36005006800,0.9353,Bronx
36005006900,0.9881,Bronx
36005007000,0.9467,Bronx
36005007100,0.9581,Bronx
36005007200,0.9129,Bronx
36005007300,0.9939,Bronx
36005007400,0.8427,Bronx
36005007500,0.9914,Bronx
36005007600,0.9434,Bronx
36005007700,0.9939,Bronx
36005007800,0.9731,Bronx
36005007900,0.9986,Bronx
36005008300,0.9856,Bronx
36005008400,0.6015,Bronx
36005008500,0.9943,Bronx
36005008600,0.9719,Bronx
36005008700,0.9882,Bronx
36005008900,0.9906,Bronx
36005009000,0.9801,Bronx
36005009200,0.9068,Bronx
36005009300,0.9854,Bronx
36005009600,0.9994,Bronx
36005009800,0.8537,Bronx
36005011000,-999.0,Bronx
36005011502,0.9956,Bronx
36005011700,0.985,Bronx
36005011800,0.4607,Bronx
36005011900,0.9891,Bronx
36005012101,0.9847,Bronx
36005012102,0.9471,Bronx
36005012300,0.9795,Bronx
36005012500,0.9783,Bronx
36005012701,0.9524,Bronx
36005012901,0.9967,Bronx
36005013000,0.3229,Bronx
36005013100,0.9917,Bronx
36005013200,0.4321,Bronx
36005013300,0.9923,Bronx
36005013500,0.975,Bronx
36005013800,0.7491,Bronx
36005014100,0.9866,Bronx
36005014300,0.9574,Bronx
36005014400,0.9908,Bronx
36005014500,0.9957,Bronx
36005014701,0.9996,Bronx
36005014702,0.9661,Bronx
36005014900,0.9973,Bronx
36005015100,0.9924,Bronx
36005015200,0.7186,Bronx
36005015300,0.9628,Bronx
36005015500,0.9837,Bronx
36005015700,0.9839,Bronx
36005015800,0.8527,Bronx
36005015900,0.9664,Bronx
36005016000,0.5998,Bronx
36005016100,0.9907,Bronx
36005016200,0.6862,Bronx
36005016300,-999.0,Bronx
36005016400,0.5942,Bronx
36005016500,0.9291,Bronx
36005016600,0.6852,Bronx
36005016700,0.9995,Bronx
36005016900,0.9956,Bronx
36005017100,-999.0,Bronx
36005017300,0.9903,Bronx
36005017500,0.9961,Bronx
36005017701,0.9984,Bronx
36005017702,0.9914,Bronx
36005017901,0.9849,Bronx
36005017902,0.9819,Bronx
36005018101,0.9822,Bronx
36005018102,0.9973,Bronx
36005018301,0.9142,Bronx
36005018302,0.9195,Bronx
36005018400,0.5738,Bronx
36005018500,0.9977,Bronx
36005018900,0.9892,Bronx
36005019300,0.9825,Bronx
36005019400,0.9067,Bronx
36005019500,0.9933,Bronx
36005019700,0.9455,Bronx
36005019900,0.9652,Bronx
36005020000,0.961,Bronx
36005020100,0.9932,Bronx
36005020200,0.9536,Bronx
36005020400,0.86,Bronx
36005020501,0.9923,Bronx
36005020502,0.9998,Bronx
36005020601,0.8212,Bronx
36005020900,0.8615,Bronx
36005021001,0.7984,Bronx
36005021002,0.7799,Bronx
36005021100,0.9938,Bronx
36005021200,0.7734,Bronx
36005021301,0.9461,Bronx
36005021302,0.9801,Bronx
36005021501,0.997,Bronx
36005021502,0.9968,Bronx
36005021601,0.9623,Bronx
36005021602,0.8554,Bronx
36005021700,0.9966,Bronx
36005021800,0.9777,Bronx
36005021900,0.9862,Bronx
36005022000,0.9992,Bronx
36005022101,0.9646,Bronx
36005022102,0.9831,Bronx
36005022200,0.9079,Bronx
36005022300,0.9665,Bronx
36005022401,0.8466,Bronx
36005022403,0.9051,Bronx
36005022404,0.7616,Bronx
36005022500,0.9927,Bronx
36005022701,0.9976,Bronx
36005022702,0.9284,Bronx
36005022703,0.925,Bronx
36005022800,0.8968,Bronx
36005022901,0.958,Bronx
36005022902,0.9981,Bronx
36005023000,0.9124,Bronx
36005023100,0.9944,Bronx
36005023200,0.9806,Bronx
36005023301,0.9755,Bronx
36005023302,0.9975,Bronx
36005023501,0.9641,Bronx
36005023502,0.9913,Bronx
36005023600,0.9942,Bronx
36005023702,0.9951,Bronx
36005023703,0.9963,Bronx
36005023704,0.9969,Bronx
36005023800,0.8445,Bronx
36005023900,0.9905,Bronx
36005024000,0.8784,Bronx
36005024100,0.987,Bronx
36005024300,0.9864,Bronx
36005024400,0.7408,Bronx
36005024501,0.9998,Bronx
36005024502,0.9964,Bronx
36005024600,0.7585,Bronx
36005024700,0.9157,Bronx
36005024800,0.7327,Bronx
36005024900,-999.0,Bronx
36005025000,0.7341,Bronx
36005025100,0.9852,Bronx
36005025200,0.6415,Bronx
36005025300,0.9933,Bronx
36005025400,0.7795,Bronx
36005025500,0.9879,Bronx
36005025600,0.9296,Bronx
36005025700,0.7722,Bronx
36005026100,0.6455,Bronx
36005026300,0.9991,Bronx
36005026400,0.7499,Bronx
36005026500,0.9918,Bronx
36005026601,0.7517,Bronx
36005026602,0.9321,Bronx
36005026701,0.8901,Bronx
36005026702,0.9688,Bronx
36005026900,0.9717,Bronx
36005027300,0.9975,Bronx
36005027401,0.4315,Bronx
36005027402,0.5562,Bronx
36005027600,-999.0,Bronx
36005027700,0.9826,Bronx
36005027900,0.9432,Bronx
36005028100,0.7916,Bronx
36005028300,0.9876,Bronx
36005028400,0.8607,Bronx
36005028500,0.6686,Bronx
36005028600,0.3769,Bronx
36005028700,0.7957,Bronx
36005028800,0.5798,Bronx
36005028900,0.9326,Bronx
36005029301,0.3865,Bronx
36005029302,0.5445,Bronx
36005029500,0.5736,Bronx
36005029600,0.6058,Bronx
36005029700,0.6679,Bronx
36005030000,0.5821,Bronx
36005030100,0.5571,Bronx
36005030200,0.829,Bronx
36005030701,0.4262,Bronx
36005030900,0.6178,Bronx
36005031000,0.6914,Bronx
36005031200,0.6178,Bronx
36005031400,0.6994,Bronx
36005031600,0.6261,Bronx
36005031800,0.6979,Bronx
36005031900,-999.0,Bronx
36005032300,0.5623,Bronx
36005032400,0.9877,Bronx
36005032600,0.7868,Bronx
36005032800,0.9893,Bronx
36005033000,0.8587,Bronx
36005033201,0.9613,Bronx
36005033202,0.9928,Bronx
36005033400,0.2023,Bronx
36005033500,0.4019,Bronx
36005033600,0.9439,Bronx
36005033700,0.6083,Bronx
36005033800,0.9464,Bronx
36005034000,0.9297,Bronx
36005034200,0.8152,Bronx
36005034300,0.8471,Bronx
36005034400,0.7353,Bronx
36005034500,0.8346,Bronx
36005034800,0.9427,Bronx
36005035000,0.4451,Bronx
36005035100,0.659,Bronx
36005035600,0.5187,Bronx
36005035800,0.7095,Bronx
36005035900,0.9932,Bronx
36005036000,0.7842,Bronx
36005036100,0.9931,Bronx
36005036300,0.997,Bronx
36005036400,0.6525,Bronx
36005036501,0.9994,Bronx
36005036502,0.9913,Bronx
36005036700,0.9954,Bronx
36005036800,0.9377,Bronx
36005036901,0.9984,Bronx
36005036902,0.9991,Bronx
36005037000,0.7673,Bronx
36005037100,0.9863,Bronx
36005037200,0.9437,Bronx
36005037300,0.9972,Bronx
36005037400,0.9515,Bronx
36005037504,0.9994,Bronx
36005037600,0.9764,Bronx
36005037800,0.9824,Bronx
36005037900,0.9961,Bronx
36005038000,0.9699,Bronx
36005038100,0.9805,Bronx
36005038200,0.9248,Bronx
36005038301,0.9931,Bronx
36005038302,0.9989,Bronx
36005038500,0.9983,Bronx
36005038600,0.86,Bronx
36005038700,0.9796,Bronx
36005038800,0.9379,Bronx
36005038900,0.985,Bronx
36005039000,0.8466,Bronx
36005039100,0.9677,Bronx
36005039200,0.92,Bronx
36005039300,0.9998,Bronx
36005039400,0.984,Bronx
36005039500,0.9981,Bronx
36005039600,0.9805,Bronx
36005039700,0.8218,Bronx
36005039800,0.5294,Bronx
36005039901,0.9985,Bronx
36005039902,0.9973,Bronx
36005040100,0.9723,Bronx
36005040302,0.9879,Bronx
36005040303,0.9972,Bronx
36005040304,0.9676,Bronx
36005040400,0.6814,Bronx
36005040501,0.9634,Bronx
36005040502,0.919,Bronx
36005040600,0.962,Bronx
36005040701,0.9041,Bronx
36005040702,0.9901,Bronx
36005040800,0.9454,Bronx
36005040900,0.7343,Bronx
36005041100,0.8942,Bronx
36005041300,0.951,Bronx
36005041400,0.8622,Bronx
36005041500,0.8817,Bronx
36005041800,0.8986,Bronx
36005041900,0.9741,Bronx
36005042000,0.987,Bronx
36005042100,0.9832,Bronx
36005042200,0.8658,Bronx
36005042300,0.9813,Bronx
36005042400,0.7626,Bronx
36005042500,0.9737,Bronx
36005042600,0.5118,Bronx
36005042800,0.4374,Bronx
36005042901,0.9351,Bronx
36005042902,0.9907,Bronx
36005043000,0.8861,Bronx
36005043100,0.9997,Bronx
36005043400,0.9547,Bronx
36005043500,0.9873,Bronx
36005043600,0.6131,Bronx
36005044200,0.9017,Bronx
36005044400,0.756,Bronx
36005044800,0.2604,Bronx
36005044901,0.426,Bronx
36005044902,0.5925,Bronx
36005045101,0.3088,Bronx
36005045102,0.5107,Bronx
36005045600,0.6865,Bronx
36005045800,0.9894,Bronx
36005046000,0.9915,Bronx
36005046201,0.8603,Bronx
36005046202,0.9936,Bronx
36005048400,0.6494,Bronx
36005050400,0.799,Bronx
36005051600,0.4588,Bronx
6031000100,0.6,Kings
6031000200,0.6837,Kings
6031000300,0.3344,Kings
6031000402,0.658,Kings
6031000403,0.7628,Kings
6031000404,0.6307,Kings
6031000405,0.9063,Kings
6031000500,0.8891,Kings
6031000601,0.3804,Kings
6031000602,0.1519,Kings
6031000701,0.3691,Kings
6031000702,0.6223,Kings
6031000800,0.9394,Kings
6031000900,0.9898,Kings
6031001001,0.7418,Kings
6031001002,0.968,Kings
6031001003,0.8523,Kings
6031001100,0.998,Kings
6031001200,0.5436,Kings
6031001300,0.9984,Kings
6031001401,0.912,Kings
6031001402,0.9891,Kings
6031001500,0.989,Kings
6031001601,0.9407,Kings
6031001602,-999.0,Kings
6031001701,0.9419,Kings
6031981800,-999.0,Kings
36047000100,0.5486,Kings
36047000200,0.9391,Kings
36047000301,0.1861,Kings
36047000501,0.3599,Kings
36047000502,0.3851,Kings
36047000700,0.2159,Kings
36047000900,0.2512,Kings
36047001100,0.1531,Kings
36047001300,0.4539,Kings
36047001500,0.7403,Kings
36047001800,-999.0,Kings
36047002000,0.7786,Kings
36047002100,0.2801,Kings
36047002200,0.9738,Kings
36047002300,0.9929,Kings
36047002901,0.9942,Kings
36047003000,0.4968,Kings
36047003100,0.6095,Kings
36047003300,0.1996,Kings
36047003400,0.6904,Kings
36047003500,0.585,Kings
36047003600,0.5985,Kings
36047003700,0.2471,Kings
36047003800,0.448,Kings
36047003900,0.3504,Kings
36047004100,0.415,Kings
36047004300,0.3327,Kings
36047004400,0.2244,Kings
36047004500,0.1849,Kings
36047004600,0.2591,Kings
36047004700,0.3036,Kings
36047004900,0.4286,Kings
36047005000,0.2495,Kings
36047005100,0.1614,Kings
36047005201,0.747,Kings
36047005202,0.4213,Kings
36047005300,0.5906,Kings
36047005400,0.513,Kings
36047005601,0.4646,Kings
36047005602,0.4911,Kings
36047005800,0.7335,Kings
36047005900,0.4597,Kings
36047006000,0.4506,Kings
36047006200,0.6771,Kings
36047006300,0.1991,Kings
36047006400,0.5717,Kings
36047006500,0.1163,Kings
36047006600,0.633,Kings
36047006700,0.1078,Kings
36047006800,0.8831,Kings
36047006900,0.2171,Kings
36047007000,0.7419,Kings
36047007100,0.9283,Kings
36047007200,0.9459,Kings
36047007400,0.9435,Kings
36047007500,0.2373,Kings
36047007600,0.8522,Kings
36047007700,0.4493,Kings
36047007800,0.8469,Kings
36047008000,0.7594,Kings
36047008200,0.9038,Kings
36047008400,0.8731,Kings
36047008500,0.9953,Kings
36047008600,-999.0,Kings
36047008800,0.4945,Kings
36047009000,0.9039,Kings
36047009200,0.9461,Kings
36047009400,0.867,Kings
36047009600,0.8049,Kings
36047009800,0.848,Kings
36047010000,0.9045,Kings
36047010100,0.7241,Kings
36047010200,0.8124,Kings
36047010400,0.7562,Kings
36047010600,0.7131,Kings
36047010800,0.7976,Kings
36047011000,0.8456,Kings
36047011200,0.9582,Kings
36047011400,0.9818,Kings
36047011600,0.8916,Kings
36047011700,0.3253,Kings
36047011800,0.8267,Kings
36047011900,0.5396,Kings
36047012000,0.8064,Kings
36047012100,0.2527,Kings
36047012200,0.8835,Kings
36047012600,0.6727,Kings
36047012700,0.8674,Kings
36047012801,0.8874,Kings
36047012901,0.2103,Kings
36047012902,0.4062,Kings
36047013000,0.8298,Kings
36047013100,0.2943,Kings
36047013200,0.8296,Kings
36047013300,0.1867,Kings
36047013400,0.6275,Kings
36047013500,0.2965,Kings
36047013600,0.6072,Kings
36047013700,0.538,Kings
36047013800,0.6844,Kings
36047013900,0.2482,Kings
36047014000,0.5948,Kings
36047014100,0.4785,Kings
36047014200,0.5131,Kings
36047014300,0.4824,Kings
36047014500,0.443,Kings
36047014700,0.5649,Kings
36047014800,0.4847,Kings
36047014900,0.4362,Kings
36047015000,0.4115,Kings
36047015100,0.3683,Kings
36047015200,0.6334,Kings
36047015300,0.2587,Kings
36047015400,-999.0,Kings
36047015500,0.2133,Kings
36047015700,0.148,Kings
36047015900,0.2334,Kings
36047016000,0.4798,Kings
36047016100,0.3719,Kings
36047016200,0.4903,Kings
36047016300,0.4804,Kings
36047016400,0.4568,Kings
36047016500,0.1915,Kings
36047016600,0.1347,Kings
36047016700,0.2431,Kings
36047016800,0.4451,Kings
36047016900,0.2767,Kings
36047017000,0.6356,Kings
36047017100,0.3467,Kings
36047017200,0.5917,Kings
36047017400,0.6456,Kings
36047017500,-999.0,Kings
36047017600,0.8427,Kings
36047017700,-999.0,Kings
36047017800,0.8513,Kings
36047017900,0.8601,Kings
36047018000,0.6719,Kings
36047018100,0.3675,Kings
36047018200,0.7107,Kings
36047018300,0.1746,Kings
36047018400,0.5861,Kings
36047018501,0.9954,Kings
36047018600,0.6493,Kings
36047018700,0.6293,Kings
36047018800,0.5959,Kings
36047019000,0.785,Kings
36047019100,0.4399,Kings
36047019200,0.8589,Kings
36047019300,0.853,Kings
36047019400,0.9228,Kings
36047019500,0.2216,Kings
36047019600,0.9218,Kings
36047019700,0.3895,Kings
36047019800,0.5873,Kings
36047019900,0.43,Kings
36047020000,0.7256,Kings
36047020100,0.2118,Kings
36047020200,0.4788,Kings
36047020300,0.5684,Kings
36047020400,0.5684,Kings
36047020500,0.2323,Kings
36047020600,0.5955,Kings
36047020700,0.2071,Kings
36047020800,0.8517,Kings
36047021000,0.8039,Kings
36047021100,0.8168,Kings
36047021200,0.8013,Kings
36047021300,0.5891,Kings
36047021400,0.6724,Kings
36047021500,0.6681,Kings
36047021600,0.7603,Kings
36047021700,0.7255,Kings
36047021800,0.7243,Kings
36047021900,0.6911,Kings
36047022000,0.8633,Kings
36047022100,0.6826,Kings
36047022200,0.8042,Kings
36047022400,0.7294,Kings
36047022600,0.7699,Kings
36047022700,0.4665,Kings
36047022800,0.9064,Kings
36047022900,0.4385,Kings
36047023000,0.7196,Kings
36047023100,0.428,Kings
36047023200,0.6944,Kings
36047023300,0.8392,Kings
36047023400,0.7649,Kings
36047023500,0.7755,Kings
36047023600,0.7264,Kings
36047023800,0.7985,Kings
36047024000,0.89,Kings
36047024100,0.6723,Kings
36047024200,0.6285,Kings
36047024300,0.6995,Kings
36047024400,0.642,Kings
36047024500,0.4663,Kings
36047024600,0.7496,Kings
36047024700,0.7312,Kings
36047024800,0.7539,Kings
36047024900,0.5272,Kings
36047025000,0.7396,Kings
36047025100,0.9025,Kings
36047025200,0.7952,Kings
36047025300,0.7053,Kings
36047025400,0.8483,Kings
36047025500,0.9797,Kings
36047025600,0.9081,Kings
36047025700,0.7842,Kings
36047025800,0.9,Kings
36047025901,0.8863,Kings
36047025902,0.9754,Kings
36047026000,0.7456,Kings
36047026100,0.4791,Kings
36047026200,0.8191,Kings
36047026300,0.7665,Kings
36047026400,0.6458,Kings
36047026500,0.5601,Kings
36047026600,0.7717,Kings
36047026700,0.667,Kings
36047026800,0.9216,Kings
36047026900,0.6959,Kings
36047027000,0.6889,Kings
36047027100,0.847,Kings
36047027200,0.7954,Kings
36047027300,0.776,Kings
36047027400,0.6895,Kings
36047027500,0.5974,Kings
36047027600,0.7444,Kings
36047027700,0.8708,Kings
36047027800,0.7815,Kings
36047027900,0.6492,Kings
36047028000,0.682,Kings
36047028100,0.9558,Kings
36047028200,0.7315,Kings
36047028300,0.9887,Kings
36047028400,0.8389,Kings
36047028501,0.7885,Kings
36047028502,0.9935,Kings
36047028600,0.8083,Kings
36047028700,0.8235,Kings
36047028800,0.7573,Kings
36047028900,0.9468,Kings
36047029000,0.7133,Kings
36047029100,0.6588,Kings
36047029200,0.8027,Kings
36047029300,0.7883,Kings
36047029400,0.9839,Kings
36047029500,0.4163,Kings
36047029600,0.8124,Kings
36047029700,0.5678,Kings
36047029800,0.7078,Kings
36047029900,0.9627,Kings
36047030000,0.7754,Kings
36047030100,0.8446,Kings
36047030200,0.7491,Kings
36047030300,0.9855,Kings
36047030400,0.8701,Kings
36047030500,0.547,Kings
36047030600,0.848,Kings
36047030700,0.9726,Kings
36047030800,0.7909,Kings
36047030900,0.8332,Kings
36047031100,0.639,Kings
36047031300,0.6911,Kings
36047031400,0.775,Kings
36047031500,0.6067,Kings
36047031701,0.3895,Kings
36047031702,0.5116,Kings
36047031900,0.6845,Kings
36047032100,0.7628,Kings
36047032300,0.6311,Kings
36047032500,0.6328,Kings
36047032600,0.9894,Kings
36047032700,0.7923,Kings
36047032800,0.7921,Kings
36047032900,0.7907,Kings
36047033000,0.9914,Kings
36047033100,0.6468,Kings
36047033300,0.7255,Kings
36047033500,0.8481,Kings
36047033600,0.6006,Kings
36047033700,0.7185,Kings
36047033900,0.8298,Kings
36047034000,0.9962,Kings
36047034100,0.7601,Kings
36047034200,0.992,Kings
36047034300,0.9634,Kings
36047034500,0.7306,Kings
36047034700,0.8658,Kings
36047034800,0.8512,Kings
36047034900,0.8676,Kings
36047035000,0.6396,Kings
36047035100,0.9283,Kings
36047035200,0.8871,Kings
36047035300,0.7944,Kings
36047035400,0.4997,Kings
36047035500,0.8824,Kings
36047035601,0.5982,Kings
36047035602,0.5952,Kings
36047035700,0.9069,Kings
36047035900,0.9706,Kings
36047036001,0.7771,Kings
36047036002,0.8978,Kings
36047036100,0.9827,Kings
36047036200,0.8862,Kings
36047036300,0.9368,Kings
36047036400,0.8696,Kings
36047036501,0.8244,Kings
36047036502,0.9528,Kings
36047036600,0.9155,Kings
36047036700,0.7053,Kings
36047036900,0.9159,Kings
36047037000,0.661,Kings
36047037100,0.7996,Kings
36047037300,0.8156,Kings
36047037401,0.7212,Kings
36047037402,0.7331,Kings
36047037500,0.8197,Kings
36047037700,0.7026,Kings
36047037900,0.6697,Kings
36047038100,0.7899,Kings
36047038200,0.9847,Kings
36047038300,0.632,Kings
36047038500,0.6648,Kings
36047038600,0.7648,Kings
36047038700,0.7936,Kings
36047038800,0.7363,Kings
36047038900,0.6679,Kings
36047039000,0.5588,Kings
36047039100,0.8252,Kings
36047039200,0.6265,Kings
36047039300,0.8194,Kings
36047039400,0.8019,Kings
36047039500,0.9187,Kings
36047039600,0.5473,Kings
36047039700,0.8093,Kings
36047039800,0.8689,Kings
36047039900,0.7894,Kings
36047040000,0.7819,Kings
36047040100,0.9195,Kings
36047040200,0.7527,Kings
36047040300,0.87,Kings
36047040400,0.6154,Kings
36047040500,0.6831,Kings
36047040600,0.7563,Kings
36047040700,-999.0,Kings
36047040800,0.6607,Kings
36047040900,0.8447,Kings
36047041000,0.882,Kings
36047041100,0.7973,Kings
36047041200,0.645,Kings
36047041300,0.7826,Kings
36047041401,0.8451,Kings
36047041402,0.5879,Kings
36047041500,0.7573,Kings
36047041600,0.7562,Kings
36047041700,0.9635,Kings
36047041800,0.9561,Kings
36047041900,0.8727,Kings
36047042000,0.6618,Kings
36047042100,0.9023,Kings
36047042200,0.8221,Kings
36047042300,0.8668,Kings
36047042400,0.7138,Kings
36047042500,0.5803,Kings
36047042600,0.8284,Kings
36047042700,0.7162,Kings
36047042800,0.8057,Kings
36047042900,0.8092,Kings
36047043000,0.8814,Kings
36047043100,0.7109,Kings
36047043200,0.8399,Kings
36047043300,0.9235,Kings
36047043400,0.7303,Kings
36047043500,0.8619,Kings
36047043600,0.7647,Kings
36047043700,0.764,Kings
36047043800,0.7769,Kings
36047043900,0.8121,Kings
36047044000,0.7785,Kings
36047044100,0.7943,Kings
36047044200,0.4842,Kings
36047044300,0.6854,Kings
36047044400,0.7287,Kings
36047044500,0.6912,Kings
36047044600,0.7465,Kings
36047044700,0.9051,Kings
36047044800,0.7228,Kings
36047044900,0.9855,Kings
36047045000,0.2665,Kings
36047045200,0.4458,Kings
36047045300,0.8557,Kings
36047045400,0.7304,Kings
36047045600,0.8915,Kings
36047045800,0.4938,Kings
36047046000,0.7995,Kings
36047046201,0.8707,Kings
36047046202,0.5692,Kings
36047046400,0.5832,Kings
36047046800,0.5149,Kings
36047047000,0.584,Kings
36047047200,0.7382,Kings
36047047400,0.692,Kings
36047047600,0.8221,Kings
36047047700,0.1764,Kings
36047047800,0.8261,Kings
36047048000,0.954,Kings
36047048100,0.5631,Kings
36047048200,0.8909,Kings
36047048400,0.7604,Kings
36047048500,0.4063,Kings
36047048600,0.7941,Kings
36047048800,0.8412,Kings
36047048900,0.9981,Kings
36047049000,0.8854,Kings
36047049100,0.8475,Kings
36047049200,0.8225,Kings
36047049300,0.8806,Kings
36047049400,0.8999,Kings
36047049500,0.5541,Kings
36047049600,0.7883,Kings
36047049700,0.1343,Kings
36047049800,0.6407,Kings
36047049900,0.1547,Kings
36047050000,0.4764,Kings
36047050100,0.3635,Kings
36047050202,0.385,Kings
36047050300,0.2912,Kings
36047050400,0.5447,Kings
36047050500,0.9287,Kings
36047050600,0.8977,Kings
36047050700,0.8833,Kings
36047050801,0.9118,Kings
36047050803,0.7885,Kings
36047050804,0.6499,Kings
36047050900,0.7185,Kings
36047051001,0.8082,Kings
36047051002,0.696,Kings
36047051100,0.8236,Kings
36047051200,0.7552,Kings
36047051300,0.5886,Kings
36047051400,0.8882,Kings
36047051500,0.141,Kings
36047051601,0.7896,Kings
36047051602,0.8526,Kings
36047051700,0.1208,Kings
36047051800,0.5888,Kings
36047051900,0.209,Kings
36047052000,0.7559,Kings
36047052300,0.6754,Kings
36047052500,0.8912,Kings
36047052600,0.7265,Kings
36047052700,0.8925,Kings
36047052800,0.6546,Kings
36047052900,0.7459,Kings
36047053000,0.8632,Kings
36047053100,0.6375,Kings
36047053200,0.7687,Kings
36047053300,0.6866,Kings
36047053400,0.9479,Kings
36047053500,0.7128,Kings
36047053700,0.7775,Kings
36047053800,0.8211,Kings
36047053900,0.8365,Kings
36047054200,0.8502,Kings
36047054300,0.3824,Kings
36047054400,0.7851,Kings
36047054500,0.9664,Kings
36047054600,0.8384,Kings
36047054700,0.767,Kings
36047054800,0.6547,Kings
36047054900,0.4227,Kings
36047055000,0.6887,Kings
36047055100,0.5276,Kings
36047055200,0.6629,Kings
36047055300,0.2792,Kings
36047055400,0.7437,Kings
36047055500,0.1783,Kings
36047055600,0.6497,Kings
36047055700,0.2614,Kings
36047055800,0.6099,Kings
36047056000,0.6929,Kings
36047056100,0.173,Kings
36047056200,0.2297,Kings
36047056300,0.6516,Kings
36047056400,0.4148,Kings
36047056500,0.1497,Kings
36047056600,0.7401,Kings
36047056800,0.368,Kings
36047056900,0.223,Kings
36047057000,0.6611,Kings
36047057100,0.2884,Kings
36047057200,0.9601,Kings
36047057300,0.3322,Kings
36047057400,0.6287,Kings
36047057500,0.3216,Kings
36047057600,0.5544,Kings
36047057800,0.6735,Kings
36047057900,0.6544,Kings
36047058000,0.7025,Kings
36047058200,0.7237,Kings
36047058400,0.6249,Kings
36047058600,0.813,Kings
36047058800,0.6462,Kings
36047058900,0.2008,Kings
36047059000,0.6996,Kings
36047059100,0.1579,Kings
36047059200,0.5763,Kings
36047059300,0.2932,Kings
36047059401,0.7424,Kings
36047059402,0.5285,Kings
36047059600,0.585,Kings
36047059800,0.6996,Kings
36047060000,0.5933,Kings
36047060600,0.8517,Kings
36047060800,0.5606,Kings
36047061002,0.3147,Kings
36047061003,0.8547,Kings
36047061004,0.7909,Kings
36047061200,0.3222,Kings
36047061600,0.6136,Kings
36047062000,0.2473,Kings
36047062200,0.6874,Kings
36047062600,0.828,Kings
36047062800,0.3694,Kings
36047063200,0.7663,Kings
36047063600,0.3182,Kings
36047063800,0.4365,Kings
36047064000,0.1715,Kings
36047064200,0.7193,Kings
36047064400,0.4256,Kings
36047064600,0.3043,Kings
36047064800,0.4344,Kings
36047065000,0.8796,Kings
36047065200,0.0463,Kings
36047065400,0.2045,Kings
36047065600,0.2562,Kings
36047065800,0.3366,Kings
36047066000,0.2586,Kings
36047066200,0.3574,Kings
36047066600,-999.0,Kings
36047067000,0.5282,Kings
36047067200,0.6087,Kings
36047067400,0.4596,Kings
36047067600,0.4981,Kings
36047067800,0.644,Kings
36047068000,0.5035,Kings
36047068200,0.396,Kings
36047068600,0.5296,Kings
36047068800,0.4836,Kings
36047069000,0.5832,Kings
36047069200,0.409,Kings
36047069601,0.4744,Kings
36047069602,0.3554,Kings
36047069800,0.3633,Kings
36047070000,0.3029,Kings
36047070201,0.2706,Kings
36047070202,0.0007,Kings
36047070203,-999.0,Kings
36047070600,0.2984,Kings
36047072000,0.6306,Kings
36047072200,0.6597,Kings
36047072400,0.6526,Kings
36047072600,0.4975,Kings
36047072800,0.6527,Kings
36047073000,0.4862,Kings
36047073200,0.6364,Kings
36047073400,0.3441,Kings
36047073600,0.7509,Kings
36047073800,0.8471,Kings
36047074000,0.7571,Kings
36047074200,0.8188,Kings
36047074400,0.3178,Kings
36047074600,0.5249,Kings
36047074800,0.4966,Kings
36047075000,0.6348,Kings
36047075200,0.1068,Kings
36047075400,0.1283,Kings
36047075600,0.4724,Kings
36047075800,0.3415,Kings
36047076000,0.5954,Kings
36047076200,0.8412,Kings
36047076400,0.7782,Kings
36047076600,0.8847,Kings
36047076800,0.8706,Kings
36047077000,0.8724,Kings
36047077200,0.6046,Kings
36047077400,0.7933,Kings
36047077600,0.6952,Kings
36047078000,0.5504,Kings
36047078200,0.7944,Kings
36047078400,0.6552,Kings
36047078600,0.8942,Kings
36047078800,0.8411,Kings
36047079000,0.8582,Kings
36047079200,0.9224,Kings
36047079400,0.8819,Kings
36047079601,0.6263,Kings
36047079602,0.6789,Kings
36047079801,0.3342,Kings
36047079802,0.5599,Kings
36047080000,0.5869,Kings
36047080200,0.6011,Kings
36047080400,0.7426,Kings
36047080600,0.7588,Kings
36047080800,0.9971,Kings
36047081000,0.8779,Kings
36047081400,0.8575,Kings
36047081600,0.8284,Kings
36047081800,0.587,Kings
36047082000,0.9344,Kings
36047082200,0.9111,Kings
36047082400,0.7567,Kings
36047082600,0.7609,Kings
36047082800,0.7982,Kings
36047083000,0.7822,Kings
36047083200,0.7187,Kings
36047083400,0.5935,Kings
36047083600,0.6765,Kings
36047083800,0.3356,Kings
36047084000,0.7163,Kings
36047084600,0.6657,Kings
36047084800,0.6605,Kings
36047085000,0.5644,Kings
36047085200,-999.0,Kings
36047085400,0.7031,Kings
36047085600,0.7145,Kings
36047085800,0.633,Kings
36047086000,0.6996,Kings
36047086200,0.764,Kings
36047086400,0.5592,Kings
36047086600,0.6798,Kings
36047086800,0.7484,Kings
36047087000,0.8221,Kings
36047087200,0.7849,Kings
36047087401,0.9481,Kings
36047087600,0.6109,Kings
36047087800,0.8926,Kings
36047088000,0.6991,Kings
36047088200,0.7708,Kings
36047088400,0.8033,Kings
36047088600,0.8474,Kings
36047088800,0.7095,Kings
36047089000,0.9486,Kings
36047089200,0.9236,Kings
36047089400,0.9841,Kings
36047089600,0.8247,Kings
36047089800,0.7213,Kings
36047090000,0.9623,Kings
36047090200,0.9239,Kings
36047090600,0.9269,Kings
36047090800,0.9801,Kings
36047091000,0.9596,Kings
36047091200,0.98,Kings
36047091600,0.967,Kings
36047091800,0.9002,Kings
36047092000,0.9377,Kings
36047092200,0.8428,Kings
36047092400,0.9145,Kings
36047092800,0.7155,Kings
36047093000,0.5656,Kings
36047093200,0.4297,Kings
36047093400,0.2944,Kings
36047093600,0.5269,Kings
36047093800,0.7158,Kings
36047094401,0.6999,Kings
36047094402,0.9383,Kings
36047094600,0.687,Kings
36047095000,0.4709,Kings
36047095400,0.5397,Kings
36047095600,0.659,Kings
36047095800,0.6534,Kings
36047096000,-999.0,Kings
36047096200,0.7131,Kings
36047096400,0.34,Kings
36047096600,0.5143,Kings
36047096800,0.6194,Kings
36047097000,0.6345,Kings
36047097400,0.9022,Kings
36047098200,0.9531,Kings
36047098400,0.3171,Kings
36047098600,0.6239,Kings
36047098800,0.8929,Kings
36047099000,0.6556,Kings
36047099200,0.7441,Kings
36047099400,0.3275,Kings
36047099600,0.7337,Kings
36047099800,0.3761,Kings
36047100400,0.4207,Kings
36047100600,0.4919,Kings
36047100800,0.6691,Kings
36047101000,0.3166,Kings
36047101200,0.5438,Kings
36047101400,0.5153,Kings
36047101600,0.6466,Kings
36047101800,0.4436,Kings
36047102000,0.4778,Kings
36047102200,0.5843,Kings
36047102400,0.4937,Kings
36047102600,0.2733,Kings
36047102800,0.4923,Kings
36047103400,0.9353,Kings
36047105801,0.932,Kings
36047105804,0.9836,Kings
36047107000,0.6291,Kings
36047107800,0.7175,Kings
36047109800,0.8489,Kings
36047110400,0.9634,Kings
36047110600,0.9704,Kings
36047111000,0.9673,Kings
36047111600,0.993,Kings
36047111800,0.8205,Kings
36047112000,0.9444,Kings
36047112200,0.9782,Kings
36047112400,0.7491,Kings
36047112600,0.8597,Kings
36047112800,0.7777,Kings
36047113000,0.8385,Kings
36047113200,0.6642,Kings
36047113400,0.986,Kings
36047114201,0.9343,Kings
36047114202,0.7861,Kings
36047114400,0.9603,Kings
36047114600,0.9851,Kings
36047115000,0.952,Kings
36047115200,0.9164,Kings
36047115600,0.9602,Kings
36047115800,0.9421,Kings
36047116000,0.8892,Kings
36047116200,0.8598,Kings
36047116400,0.8189,Kings
36047116600,0.8675,Kings
36047116800,0.8644,Kings
36047117000,0.8684,Kings
36047117201,0.8565,Kings
36047117202,0.8039,Kings
36047117400,0.7939,Kings
36047117601,0.8649,Kings
36047117602,0.8155,Kings
36047117800,0.8915,Kings
36047118000,-999.0,Kings
36047118201,0.6377,Kings
36047118202,0.6326,Kings
36047118400,0.6854,Kings
36047118600,0.7917,Kings
36047118800,0.7112,Kings
36047119000,0.8172,Kings
36047119200,0.8298,Kings
36047119400,0.9253,Kings
36047119600,0.8789,Kings
36047119800,0.9761,Kings
36047120000,0.9616,Kings
36047120200,0.6436,Kings
36047120800,0.9061,Kings
36047121000,0.9677,Kings
36047121400,0.9756,Kings
36047122000,0.8347,Kings
36047123700,0.6982,Kings
36047150200,0.2405,Kings
36047152200,0.4982,Kings
36047990100,-999.0,Kings
12089050101,0.5558,Nassau
12089050102,0.1764,Nassau
12089050201,0.0473,Nassau
12089050202,0.166,Nassau
12089050203,0.1709,Nassau
12089050301,0.5561,Nassau
12089050302,0.6226,Nassau
12089050303,0.3071,Nassau
12089050400,0.6402,Nassau
12089050502,0.1837,Nassau
12089050503,0.6033,Nassau
12089050504,0.1538,Nassau
36059300100,0.0958,Nassau
36059300300,0.6713,Nassau
36059300400,0.3875,Nassau
36059300500,0.2784,Nassau
36059300600,0.3747,Nassau
36059300700,0.4784,Nassau
36059300800,0.4065,Nassau
36059300900,0.2656,Nassau
36059301000,0.3384,Nassau
36059301101,0.4664,Nassau
36059301102,0.3087,Nassau
36059301200,0.1676,Nassau
36059301300,0.5654,Nassau
36059301400,0.0204,Nassau
36059301500,0.0172,Nassau
36059301600,0.1644,Nassau
36059301700,0.0269,Nassau
36059301800,0.546,Nassau
36059301900,0.0108,Nassau
36059302000,0.3228,Nassau
36059302101,0.0195,Nassau
36059302102,0.0403,Nassau
36059302200,0.6045,Nassau
36059302300,0.0932,Nassau
36059302400,0.1289,Nassau
36059302501,0.0373,Nassau
36059302502,0.1154,Nassau
36059302600,0.1505,Nassau
36059302700,0.3199,Nassau
36059302800,0.2022,Nassau
36059302900,0.1296,Nassau
36059303000,0.3115,Nassau
36059303101,0.0713,Nassau
36059303102,0.1127,Nassau
36059303201,0.1947,Nassau
36059303202,0.3487,Nassau
36059303301,0.4145,Nassau
36059303302,0.2652,Nassau
36059303400,0.0509,Nassau
36059303500,0.189,Nassau
36059303600,0.3215,Nassau
36059303700,0.1315,Nassau
36059303800,0.3865,Nassau
36059303900,0.1101,Nassau
36059304001,0.0706,Nassau
36059304002,0.6414,Nassau
36059304100,0.8621,Nassau
36059304202,0.5129,Nassau
36059304203,0.7535,Nassau
36059304204,0.7798,Nassau
36059404300,0.1135,Nassau
36059404400,0.1369,Nassau
36059404500,0.1417,Nassau
36059404600,0.0857,Nassau
36059404700,0.1387,Nassau
36059404800,0.5627,Nassau
36059404901,0.2296,Nassau
36059404902,0.6592,Nassau
36059405000,0.4983,Nassau
36059405100,0.149,Nassau
36059405200,0.3684,Nassau
36059405301,0.2925,Nassau
36059405302,0.2607,Nassau
36059405400,0.5839,Nassau
36059405500,0.2018,Nassau
36059405600,0.2348,Nassau
36059405700,0.0748,Nassau
36059405800,0.1198,Nassau
36059405900,0.0901,Nassau
36059406001,0.4647,Nassau
36059406002,0.4914,Nassau
36059406100,0.0913,Nassau
36059406201,0.4063,Nassau
36059406202,0.577,Nassau
36059406300,0.0513,Nassau
36059406400,0.0558,Nassau
36059406501,0.0965,Nassau
36059406600,0.0121,Nassau
36059406701,0.8852,Nassau
36059406702,0.9272,Nassau
36059406801,0.8849,Nassau
36059406802,0.8072,Nassau
36059406900,0.8908,Nassau
36059407000,0.8752,Nassau
36059407101,0.7185,Nassau
36059407102,0.5937,Nassau
36059407201,0.9449,Nassau
36059407203,0.6646,Nassau
36059407204,0.7776,Nassau
36059407301,0.4855,Nassau
36059407302,0.5708,Nassau
36059407401,0.7493,Nassau
36059407402,0.7926,Nassau
36059407501,0.7613,Nassau
36059407502,0.5283,Nassau
36059407600,0.2873,Nassau
36059407700,0.1903,Nassau
36059407801,0.1803,Nassau
36059407802,0.7206,Nassau
36059407900,0.5117,Nassau
36059408000,0.1347,Nassau
36059408100,0.3158,Nassau
36059408200,0.0993,Nassau
36059408300,0.1673,Nassau
36059408400,0.141,Nassau
36059408500,0.0558,Nassau
36059408600,0.2969,Nassau
36059408700,0.125,Nassau
36059408800,0.1066,Nassau
36059408900,0.2117,Nassau
36059409000,0.1599,Nassau
36059409100,0.0625,Nassau
36059409200,0.1786,Nassau
36059409300,0.1853,Nassau
36059409400,0.1484,Nassau
36059409500,0.051,Nassau
36059409600,0.0831,Nassau
36059409700,0.2254,Nassau
36059409800,0.2826,Nassau
36059409900,0.2462,Nassau
36059410000,0.4728,Nassau
36059410100,0.0427,Nassau
36059410200,0.2612,Nassau
36059410300,0.5212,Nassau
36059410400,0.294,Nassau
36059410500,0.6417,Nassau
36059410600,0.2923,Nassau
36059410700,0.4033,Nassau
36059410800,0.258,Nassau
36059410900,0.3613,Nassau
36059411000,0.6697,Nassau
36059411100,0.9027,Nassau
36059411200,0.3897,Nassau
36059411301,0.2193,Nassau
36059411302,0.0884,Nassau
36059411400,0.2237,Nassau
36059411500,0.0636,Nassau
36059411600,0.0746,Nassau
36059411700,0.3684,Nassau
36059411800,0.2166,Nassau
36059411901,0.5211,Nassau
36059411902,0.0918,Nassau
36059412000,0.2503,Nassau
36059412100,0.4779,Nassau
36059412200,0.1851,Nassau
36059412301,0.485,Nassau
36059412302,0.233,Nassau
36059412400,0.6505,Nassau
36059412500,0.0739,Nassau
36059412600,0.0144,Nassau
36059412700,0.0276,Nassau
36059412800,0.0342,Nassau
36059412900,0.2094,Nassau
36059413001,0.3356,Nassau
36059413002,0.1677,Nassau
36059413100,0.2722,Nassau
36059413200,0.2877,Nassau
36059413300,0.062,Nassau
36059413400,0.0185,Nassau
36059413500,0.4362,Nassau
36059413600,0.434,Nassau
36059413700,0.5096,Nassau
36059413803,0.2239,Nassau
36059413804,0.1009,Nassau
36059413900,0.845,Nassau
36059414001,0.497,Nassau
36059414002,0.6859,Nassau
36059414100,0.6721,Nassau
36059414201,0.6974,Nassau
36059414202,0.8123,Nassau
36059414301,0.8465,Nassau
36059414303,0.6956,Nassau
36059414304,0.8974,Nassau
36059414400,0.94,Nassau
36059414501,0.2951,Nassau
36059414502,0.315,Nassau
36059414600,0.0407,Nassau
36059414700,0.0612,Nassau
36059414800,0.1317,Nassau
36059414900,0.2079,Nassau
36059415000,0.1438,Nassau
36059415101,0.0437,Nassau
36059415102,0.0085,Nassau
36059415201,0.0111,Nassau
36059415202,0.0301,Nassau
36059415300,0.3362,Nassau
36059415401,0.0459,Nassau
36059415402,0.0384,Nassau
36059415500,0.0586,Nassau
36059415600,0.0439,Nassau
36059415700,0.0784,Nassau
36059415802,0.0382,Nassau
36059416000,0.0937,Nassau
36059416100,0.0572,Nassau
36059416201,0.5261,Nassau
36059416202,0.4358,Nassau
36059416300,0.0131,Nassau
36059416401,0.1278,Nassau
36059416402,0.1439,Nassau
36059416500,0.805,Nassau
36059416600,0.3815,Nassau
36059416701,0.3844,Nassau
36059416702,0.2619,Nassau
36059416801,0.1212,Nassau
36059416802,0.2885,Nassau
36059416900,0.1656,Nassau
36059517000,0.4344,Nassau
36059517101,0.4109,Nassau
36059517102,0.2517,Nassau
36059517200,0.7177,Nassau
36059517301,0.5887,Nassau
36059517302,0.5667,Nassau
36059517400,0.1204,Nassau
36059517500,0.0158,Nassau
36059517600,0.0661,Nassau
36059517701,0.077,Nassau
36059517705,0.0079,Nassau
36059517801,0.0558,Nassau
36059517802,0.1523,Nassau
36059517901,0.04,Nassau
36059517902,0.1034,Nassau
36059518000,0.3984,Nassau
36059518100,0.0432,Nassau
36059518201,0.0799,Nassau
36059518203,0.2714,Nassau
36059518204,0.1089,Nassau
36059518300,0.2275,Nassau
36059518400,0.1079,Nassau
36059518501,0.2877,Nassau
36059518502,0.2567,Nassau
36059518600,0.0798,Nassau
36059518700,0.234,Nassau
36059518800,0.1209,Nassau
36059518900,0.2971,Nassau
36059519000,0.2169,Nassau
36059519100,0.3799,Nassau
36059519200,0.1913,Nassau
36059519300,0.3584,Nassau
36059519400,0.073,Nassau
36059519500,0.2486,Nassau
36059519601,0.1372,Nassau
36059519602,0.0063,Nassau
36059519702,0.3301,Nassau
36059519703,0.0325,Nassau
36059519704,0.2296,Nassau
36059519801,0.147,Nassau
36059519802,0.1054,Nassau
36059519900,0.0586,Nassau
36059520001,0.2576,Nassau
36059520002,0.2591,Nassau
36059520100,0.1899,Nassau
36059520200,0.1219,Nassau
36059520300,0.1677,Nassau
36059520401,0.1835,Nassau
36059520402,0.3993,Nassau
36059520501,0.0396,Nassau
36059520502,0.0717,Nassau
36059520600,0.1019,Nassau
36059520700,0.0126,Nassau
36059520800,0.0515,Nassau
36059520900,0.0298,Nassau
36059521000,0.0302,Nassau
36059521100,0.0174,Nassau
36059521200,0.0167,Nassau
36059521301,0.0255,Nassau
36059521302,0.0346,Nassau
36059521400,0.0313,Nassau
36059521500,0.0139,Nassau
36059521601,0.1009,Nassau
36059521602,0.0306,Nassau
36059521700,0.0782,Nassau
36059521801,0.1497,Nassau
36059521802,0.1789,Nassau
36059521902,0.075,Nassau
36059522000,0.2829,Nassau
36059522700,0.0783,Nassau
36059980100,-999.0,Nassau
36059981100,0.0531,Nassau
36059982100,0.09,Nassau
36061000100,-999.0,New York
36061000201,0.9856,New York
36061000202,0.9752,New York
36061000500,-999.0,New York
36061000600,0.9812,New York
36061000700,0.1384,New York
36061000800,0.8986,New York
36061000900,0.1378,New York
36061001001,0.3769,New York
36061001002,0.996,New York
36061001200,0.7672,New York
36061001300,0.1084,New York
36061001401,0.3517,New York
36061001402,0.6833,New York
36061001501,0.6215,New York
36061001502,0.355,New York
36061001600,0.7188,New York
36061001800,0.7969,New York
36061002000,0.9922,New York
36061002100,0.2392,New York
36061002201,0.9139,New York
36061002202,0.5401,New York
36061002400,0.9267,New York
36061002500,0.9984,New York
36061002601,0.8324,New York
36061002602,0.5902,New York
36061002700,0.7383,New York
36061002800,0.7794,New York
36061002900,0.9384,New York
36061003001,0.44,New York
36061003002,0.5728,New York
36061003100,0.5059,New York
36061003200,0.3436,New York
36061003300,0.2061,New York
36061003400,0.4405,New York
36061003601,0.8172,New York
36061003602,0.6151,New York
36061003700,0.247,New York
36061003800,0.4892,New York
36061003900,0.1994,New York
36061004000,0.2588,New York
36061004100,0.7177,New York
36061004200,0.3671,New York
36061004300,0.4137,New York
36061004400,0.2182,New York
36061004500,0.4455,New York
36061004700,0.1515,New York
36061004800,0.3265,New York
36061004900,0.3033,New York
36061005000,0.2429,New York
36061005200,0.3347,New York
36061005400,0.2442,New York
36061005501,0.3473,New York
36061005502,0.4235,New York
36061005600,0.4432,New York
36061005700,0.0722,New York
36061005800,0.1429,New York
36061005900,0.2507,New York
36061006000,0.2003,New York
36061006100,0.3097,New York
36061006200,0.7212,New York
36061006300,0.2935,New York
36061006400,0.2083,New York
36061006500,0.3077,New York
36061006600,0.6377,New York
36061006700,0.1004,New York
36061006800,0.3237,New York
36061006900,0.1632,New York
36061007000,0.2078,New York
36061007100,0.1861,New York
36061007200,0.3134,New York
36061007300,0.1397,New York
36061007400,0.3073,New York
36061007500,0.1568,New York
36061007600,0.2589,New York
36061007700,0.1244,New York
36061007800,0.2648,New York
36061007900,0.2492,New York
36061008000,0.2603,New York
36061008100,0.381,New York
36061008200,0.1076,New York
36061008300,0.7016,New York
36061008400,0.282,New York
36061008601,0.053,New York
36061008602,-999.0,New York
36061008603,0.1166,New York
36061008700,0.1237,New York
36061008800,0.2393,New York
36061008900,0.5959,New York
36061009000,0.3009,New York
36061009100,0.3534,New York
36061009200,0.2031,New York
36061009300,0.5049,New York
36061009400,0.0019,New York
36061009500,0.3847,New York
36061009600,0.0113,New York
36061009700,0.6917,New York
36061009800,0.3848,New York
36061009900,0.2526,New York
36061010000,0.1318,New York
36061010100,0.4623,New York
36061010200,0.2948,New York
36061010300,0.2004,New York
36061010400,0.3797,New York
36061010601,0.1221,New York
36061010602,0.1786,New York
36061010800,0.2383,New York
36061010900,0.2109,New York
36061011000,0.2349,New York
36061011100,0.4095,New York
36061011201,0.1672,New York
36061011202,0.1511,New York
36061011203,0.1287,New York
36061011300,0.5207,New York
36061011401,0.3166,New York
36061011402,0.1914,New York
36061011500,0.5548,New York
36061011600,0.2864,New York
36061011700,0.2741,New York
36061011800,0.2501,New York
36061011900,0.7993,New York
36061012000,0.2351,New York
36061012100,0.6414,New York
36061012200,0.1828,New York
36061012400,0.4197,New York
36061012500,0.2697,New York
36061012600,0.1711,New York
36061012700,0.446,New York
36061012800,0.2407,New York
36061012900,0.3076,New York
36061013000,0.2639,New York
36061013100,0.3678,New York
36061013200,0.1951,New York
36061013300,0.4935,New York
36061013400,0.2073,New York
36061013500,0.7166,New York
36061013600,0.1393,New York
36061013700,0.3715,New York
36061013800,0.3574,New York
36061013900,0.4189,New York
36061014000,0.0939,New York
36061014200,0.2934,New York
36061014300,-999.0,New York
36061014401,0.2074,New York
36061014402,0.178,New York
36061014500,0.4259,New York
36061014601,0.1888,New York
36061014602,0.1908,New York
36061014700,0.152,New York
36061014801,0.2071,New York
36061014802,0.1611,New York
36061014900,0.295,New York
36061015001,0.15,New York
36061015002,0.2294,New York
36061015100,0.6839,New York
36061015200,0.5179,New York
36061015300,0.1262,New York
36061015400,0.3096,New York
36061015500,0.203,New York
36061015601,0.2169,New York
36061015602,0.7298,New York
36061015700,0.3073,New York
36061015801,0.2234,New York
36061015802,0.4486,New York
36061015900,0.2408,New York
36061016001,0.1426,New York
36061016002,0.2856,New York
36061016100,0.1737,New York
36061016200,0.9595,New York
36061016300,0.2439,New York
36061016400,0.9542,New York
36061016500,0.2815,New York
36061016600,0.8328,New York
36061016700,0.1807,New York
36061016800,0.9832,New York
36061016900,0.3032,New York
36061017000,0.8944,New York
36061017100,0.3097,New York
36061017200,0.9167,New York
36061017300,0.3686,New York
36061017401,0.9872,New York
36061017402,0.7442,New York
36061017500,0.2803,New York
36061017700,0.5175,New York
36061017800,0.7096,New York
36061017900,0.502,New York
36061018000,0.9628,New York
36061018100,0.5274,New York
36061018200,0.9912,New York
36061018300,0.4532,New York
36061018400,0.9659,New York
36061018500,0.3052,New York
36061018600,0.9969,New York
36061018700,0.4521,New York
36061018800,0.8909,New York
36061018900,0.9591,New York
36061019000,0.5267,New York
36061019100,0.5913,New York
36061019200,0.9925,New York
36061019300,0.8158,New York
36061019400,0.9759,New York
36061019500,0.52,New York
36061019600,0.985,New York
36061019701,0.4995,New York
36061019702,0.6823,New York
36061019800,0.7908,New York
36061019900,0.5299,New York
36061020000,0.5658,New York
36061020101,0.3595,New York
36061020102,0.6155,New York
36061020300,0.7195,New York
36061020500,0.3151,New York
36061020600,0.893,New York
36061020701,0.3957,New York
36061020800,0.6891,New York
36061020901,0.9386,New York
36061021000,0.8886,New York
36061021100,0.6626,New York
36061021200,0.8324,New York
36061021303,0.7616,New York
36061021400,0.4695,New York
36061021500,0.8745,New York
36061021600,0.6949,New York
36061021703,-999.0,New York
36061021800,0.751,New York
36061021900,0.9925,New York
36061022000,0.6263,New York
36061022102,0.3688,New York
36061022200,0.6395,New York
36061022301,0.6988,New York
36061022302,0.8886,New York
36061022400,0.916,New York
36061022500,0.894,New York
36061022600,0.7405,New York
36061022700,0.7796,New York
36061022800,0.7914,New York
36061022900,0.8576,New York
36061023000,0.943,New York
36061023100,0.8097,New York
36061023200,0.9761,New York
36061023300,0.7041,New York
36061023400,0.7712,New York
36061023501,0.8027,New York
36061023502,0.8421,New York
36061023600,0.7802,New York
36061023700,0.8301,New York
36061023801,0.5442,New York
36061023802,0.827,New York
36061023900,0.8683,New York
36061024000,-999.0,New York
36061024100,0.8594,New York
36061024200,0.993,New York
36061024301,0.9438,New York
36061024302,0.9972,New York
36061024500,0.8957,New York
36061024700,0.7362,New York
36061024900,0.8801,New York
36061025100,0.9904,New York
36061025300,0.9029,New York
36061025500,0.8065,New York
36061025700,0.497,New York
36061025900,0.5828,New York
36061026100,0.9745,New York
36061026300,0.8734,New York
36061026500,0.7216,New York
36061026700,0.7841,New York
36061026900,0.9763,New York
36061027100,0.8654,New York
36061027300,0.4762,New York
36061027500,0.6108,New York
36061027700,0.9901,New York
36061027900,0.8868,New York
36061028100,0.3313,New York
36061028300,0.7696,New York
36061028500,0.9289,New York
36061028700,0.8227,New York
36061029100,0.8842,New York
36061029300,0.9247,New York
36061029500,0.7156,New York
36061029700,-999.0,New York
36061029900,0.9943,New York
36061030300,0.5805,New York
36061030700,0.3769,New York
36061030900,0.9789,New York
36061031100,-999.0,New York
36061031703,0.2219,New York
36061031704,0.1546,New York
36061031900,-999.0,New York
36081000100,0.2975,Queens
36081000200,0.596,Queens
36081000400,0.7766,Queens
36081000600,0.6714,Queens
36081000700,0.219,Queens
36081000800,0.6629,Queens
36081001000,0.5668,Queens
36081001200,0.6423,Queens
36081001400,0.6802,Queens
36081001600,0.7194,Queens
36081001800,0.7249,Queens
36081001900,0.1216,Queens
36081002000,0.5143,Queens
36081002200,0.7913,Queens
36081002400,0.8575,Queens
36081002500,0.976,Queens
36081002600,0.8058,Queens
36081002800,0.7533,Queens
36081003000,0.7729,Queens
36081003100,0.5447,Queens
36081003200,0.6499,Queens
36081003300,0.6487,Queens
36081003400,0.8064,Queens
36081003600,0.6853,Queens
36081003700,-999.0,Queens
36081003800,0.8101,Queens
36081003900,0.866,Queens
36081004001,0.8581,Queens
36081004002,0.7448,Queens
36081004200,0.7106,Queens
36081004300,0.986,Queens
36081004401,0.7167,Queens
36081004500,0.4882,Queens
36081004700,0.8008,Queens
36081005000,0.9599,Queens
36081005100,0.7622,Queens
36081005200,0.6315,Queens
36081005300,0.4061,Queens
36081005400,0.7103,Queens
36081005500,0.6845,Queens
36081005700,0.6632,Queens
36081005800,0.6576,Queens
36081005900,0.5293,Queens
36081006100,0.4988,Queens
36081006201,0.6742,Queens
36081006202,0.7113,Queens
36081006300,0.337,Queens
36081006501,0.3096,Queens
36081006502,0.3608,Queens
36081006900,0.6993,Queens
36081007100,0.2717,Queens
36081007300,0.2655,Queens
36081007500,0.5117,Queens
36081007700,0.4147,Queens
36081007900,0.7491,Queens
36081008100,0.5201,Queens
36081008300,0.5415,Queens
36081008500,0.8922,Queens
36081008600,0.5423,Queens
36081008700,0.9759,Queens
36081008800,0.5732,Queens
36081009100,0.6533,Queens
36081009400,0.7438,Queens
36081009500,0.4056,Queens
36081009600,0.6254,Queens
36081009700,0.2459,Queens
36081009800,0.7686,Queens
36081009900,-999.0,Queens
36081010000,0.5834,Queens
36081010100,0.2513,Queens
36081010200,0.6186,Queens
36081010300,0.5469,Queens
36081010400,0.5219,Queens
36081010500,0.7825,Queens
36081010600,0.8482,Queens
36081010701,-999.0,Queens
36081010800,0.764,Queens
36081011000,0.6455,Queens
36081011100,0.4728,Queens
36081011200,0.8734,Queens
36081011300,0.5389,Queens
36081011400,0.6775,Queens
36081011500,0.2316,Queens
36081011600,0.5535,Queens
36081011700,0.3337,Queens
36081011800,0.7001,Queens
36081011900,0.4295,Queens
36081012000,0.6559,Queens
36081012100,0.3749,Queens
36081012200,0.8125,Queens
36081012301,0.2384,Queens
36081012400,0.7346,Queens
36081012500,0.3151,Queens
36081012601,0.6677,Queens
36081012602,0.6612,Queens
36081012800,0.6829,Queens
36081013000,0.7679,Queens
36081013200,0.8162,Queens
36081013400,0.622,Queens
36081013500,0.2849,Queens
36081013600,0.4078,Queens
36081013700,0.2237,Queens
36081013800,0.7326,Queens
36081014000,0.5979,Queens
36081014100,0.5744,Queens
36081014201,0.7494,Queens
36081014202,0.8738,Queens
36081014300,0.4733,Queens
36081014400,0.6702,Queens
36081014500,0.5699,Queens
36081014700,0.5753,Queens
36081014800,0.5813,Queens
36081014900,0.2866,Queens
36081015000,0.4749,Queens
36081015100,0.5641,Queens
36081015200,0.7752,Queens
36081015300,0.5781,Queens
36081015400,0.6903,Queens
36081015500,0.3779,Queens
36081015600,0.5929,Queens
36081015700,0.5647,Queens
36081015801,0.7658,Queens
36081015802,0.6753,Queens
36081015900,0.5149,Queens
36081016100,0.6335,Queens
36081016300,0.8479,Queens
36081016400,0.6862,Queens
36081016600,0.7479,Queens
36081016800,0.7589,Queens
36081016900,0.4805,Queens
36081017000,0.6583,Queens
36081017100,-999.0,Queens
36081017200,0.5495,Queens
36081017400,0.7514,Queens
36081017600,0.7341,Queens
36081017800,0.6825,Queens
36081017900,0.6198,Queens
36081018000,0.749,Queens
36081018101,0.5583,Queens
36081018102,0.3136,Queens
36081018200,0.727,Queens
36081018300,0.5625,Queens
36081018401,0.7426,Queens
36081018402,0.7749,Queens
36081018501,0.5356,Queens
36081018502,0.518,Queens
36081018600,0.7421,Queens
36081018700,0.4964,Queens
36081018800,0.6517,Queens
36081018900,0.6288,Queens
36081019000,0.4786,Queens
36081019200,0.4581,Queens
36081019400,0.5312,Queens
36081019600,0.6646,Queens
36081019800,0.8142,Queens
36081019900,0.6847,Queens
36081020200,0.7467,Queens
36081020400,0.8999,Queens
36081020500,0.68,Queens
36081020600,0.7022,Queens
36081020800,0.7287,Queens
36081021200,0.9755,Queens
36081021400,0.7985,Queens
36081021600,0.6321,Queens
36081021900,-999.0,Queens
36081022001,0.6488,Queens
36081022002,0.6076,Queens
36081022900,0.4487,Queens
36081023000,0.5263,Queens
36081023200,0.7866,Queens
36081023500,0.6553,Queens
36081023600,0.8339,Queens
36081023800,0.9087,Queens
36081024000,0.9687,Queens
36081024300,0.4767,Queens
36081024500,0.6635,Queens
36081024600,-999.0,Queens
36081024700,0.5457,Queens
36081024900,0.7707,Queens
36081025100,0.5585,Queens
36081025301,0.5367,Queens
36081025302,0.5237,Queens
36081025400,0.8804,Queens
36081025500,0.5669,Queens
36081025700,0.5882,Queens
36081025800,0.6919,Queens
36081025900,0.7096,Queens
36081026000,0.9007,Queens
36081026100,0.7171,Queens
36081026200,0.5652,Queens
36081026300,0.706,Queens
36081026400,0.9469,Queens
36081026500,0.6196,Queens
36081026600,0.9338,Queens
36081026700,0.8289,Queens
36081026901,0.6635,Queens
36081026902,0.7354,Queens
36081027000,0.8735,Queens
36081027100,0.7134,Queens
36081027200,0.6664,Queens
36081027300,0.8208,Queens
36081027400,0.2859,Queens
36081027500,0.7898,Queens
36081027600,0.6108,Queens
36081027700,0.7114,Queens
36081027800,0.8483,Queens
36081027900,0.7231,Queens
36081028000,0.4128,Queens
36081028100,0.5749,Queens
36081028200,0.4363,Queens
36081028300,0.7545,Queens
36081028400,0.6869,Queens
36081028500,0.7093,Queens
36081028700,0.5516,Queens
36081028800,0.6741,Queens
36081028900,0.5746,Queens
36081029100,0.8358,Queens
36081029300,0.3826,Queens
36081029400,0.7563,Queens
36081029500,0.3989,Queens
36081029700,0.5725,Queens
36081029900,-999.0,Queens
36081030600,0.7972,Queens
36081030902,0.8066,Queens
36081030903,0.6782,Queens
36081030904,0.7292,Queens
36081031700,0.4383,Queens
36081032000,0.8684,Queens
36081032700,0.742,Queens
36081032800,0.5315,Queens
36081032900,0.7005,Queens
36081033000,0.6742,Queens
36081033100,-999.0,Queens
36081033401,0.5789,Queens
36081033402,0.5831,Queens
36081033700,0.6252,Queens
36081033900,0.7043,Queens
36081034700,0.8522,Queens
36081035100,0.822,Queens
36081035200,0.5939,Queens
36081035300,0.8224,Queens
36081035700,0.9158,Queens
36081035800,0.6962,Queens
36081036100,0.8783,Queens
36081036300,0.8794,Queens
36081036500,0.7995,Queens
36081036600,0.667,Queens
36081036700,0.7544,Queens
36081036800,0.5562,Queens
36081037100,0.6648,Queens
36081037300,0.6954,Queens
36081037500,0.8821,Queens
36081037600,0.5528,Queens
36081037700,0.8088,Queens
36081037900,0.734,Queens
36081038100,0.939,Queens
36081038301,-999.0,Queens
36081038302,-999.0,Queens
36081038400,0.6236,Queens
36081039400,0.5036,Queens
36081039800,0.3755,Queens
36081039900,0.8732,Queens
36081040000,0.419,Queens
36081040100,0.8832,Queens
36081040200,0.4044,Queens
36081040300,0.9507,Queens
36081040400,0.7426,Queens
36081040500,0.8683,Queens
36081040700,0.8342,Queens
36081040900,0.856,Queens
36081041100,0.7081,Queens
36081041300,0.8383,Queens
36081041400,0.8267,Queens
36081041500,0.8685,Queens
36081042400,0.5962,Queens
36081042600,-999.0,Queens
36081042700,0.8011,Queens
36081043200,0.5237,Queens
36081043400,0.3157,Queens
36081043701,0.9704,Queens
36081043702,0.9338,Queens
36081043900,0.8707,Queens
36081044000,0.6738,Queens
36081044301,0.9799,Queens
36081044302,0.9108,Queens
36081044400,0.9633,Queens
36081044601,0.8885,Queens
36081044602,0.9882,Queens
36081044800,0.8111,Queens
36081045000,0.3669,Queens
36081045200,0.8515,Queens
36081045400,0.812,Queens
36081045500,0.8505,Queens
36081045600,0.7495,Queens
36081045700,0.6173,Queens
36081045800,0.5859,Queens
36081045900,0.7764,Queens
36081046000,0.8032,Queens
36081046100,0.8213,Queens
36081046200,0.8998,Queens
36081046300,0.7059,Queens
36081046400,0.7447,Queens
36081046500,0.787,Queens
36081046600,0.7308,Queens
36081046700,0.9074,Queens
36081046800,0.7811,Queens
36081046900,0.8369,Queens
36081047000,0.8363,Queens
36081047100,0.7489,Queens
36081047200,0.712,Queens
36081047300,0.6552,Queens
36081047500,0.691,Queens
36081047600,0.386,Queens
36081047800,0.7017,Queens
36081047900,0.8669,Queens
36081048000,0.6803,Queens
36081048100,0.9529,Queens
36081048200,0.7373,Queens
36081048300,0.6944,Queens
36081048400,0.544,Queens
36081048500,0.493,Queens
36081048900,0.7917,Queens
36081049200,0.6427,Queens
36081049301,0.6035,Queens
36081049302,0.7558,Queens
36081049500,0.4879,Queens
36081049600,0.5743,Queens
36081049700,0.5327,Queens
36081049900,0.7302,Queens
36081050000,0.95,Queens
36081050201,0.3754,Queens
36081050202,0.4919,Queens
36081050400,0.7146,Queens
36081050500,0.3743,Queens
36081050600,0.495,Queens
36081050700,0.4979,Queens
36081050800,0.8237,Queens
36081051000,0.5506,Queens
36081051100,0.4442,Queens
36081051200,0.7083,Queens
36081051300,0.4484,Queens
36081051500,0.4684,Queens
36081051600,0.7131,Queens
36081051700,0.4857,Queens
36081051800,0.6348,Queens
36081052000,0.3666,Queens
36081052100,0.552,Queens
36081052200,0.2235,Queens
36081052400,0.4863,Queens
36081052500,0.5405,Queens
36081052600,0.5699,Queens
36081052800,0.5557,Queens
36081053000,0.43,Queens
36081053100,0.5187,Queens
36081053200,0.5684,Queens
36081053401,0.5384,Queens
36081053500,0.6971,Queens
36081053601,0.6632,Queens
36081053800,0.6502,Queens
36081053900,0.5611,Queens
36081054000,0.7635,Queens
36081054200,0.5965,Queens
36081054500,0.7,Queens
36081054700,0.5919,Queens
36081054800,0.4043,Queens
36081054900,0.849,Queens
36081055100,0.667,Queens
36081055200,0.834,Queens
36081055300,0.6615,Queens
36081055400,0.5865,Queens
36081055500,0.7839,Queens
36081055600,0.283,Queens
36081055700,0.7275,Queens
36081055800,0.3401,Queens
36081055900,0.6985,Queens
36081056000,0.365,Queens
36081056100,0.2002,Queens
36081056200,0.3043,Queens
36081056400,0.7771,Queens
36081056500,0.5724,Queens
36081056600,0.475,Queens
36081056700,0.347,Queens
36081056800,0.6965,Queens
36081057700,0.5877,Queens
36081057900,0.5294,Queens
36081058000,0.6513,Queens
36081058100,0.5045,Queens
36081058200,0.5647,Queens
36081058300,0.3347,Queens
36081058500,0.4263,Queens
36081058700,0.5013,Queens
36081058900,0.6131,Queens
36081059000,0.3435,Queens
36081059100,0.5083,Queens
36081059200,0.3303,Queens
36081059300,0.5377,Queens
36081059400,0.3493,Queens
36081059500,0.669,Queens
36081059600,0.3966,Queens
36081059800,0.3676,Queens
36081059900,0.6091,Queens
36081060000,0.2855,Queens
36081060100,0.6777,Queens
36081060300,0.4149,Queens
36081060600,0.2821,Queens
36081060701,0.0308,Queens
36081060800,0.26,Queens
36081061000,0.2621,Queens
36081061200,0.0619,Queens
36081061301,0.5705,Queens
36081061302,-999.0,Queens
36081061400,0.3136,Queens
36081061601,0.3641,Queens
36081061602,0.1752,Queens
36081061800,0.3305,Queens
36081061900,0.5274,Queens
36081062000,0.2067,Queens
36081062100,0.4541,Queens
36081062200,0.3183,Queens
36081062300,0.3026,Queens
36081062400,-999.0,Queens
36081062500,0.4641,Queens
36081062600,0.3441,Queens
36081062700,0.5823,Queens
36081062900,0.7052,Queens
36081063000,0.0977,Queens
36081063200,0.3006,Queens
36081063301,0.1951,Queens
36081063302,0.1138,Queens
36081063500,0.5341,Queens
36081063700,0.1825,Queens
36081063800,0.4694,Queens
36081063900,0.5795,Queens
36081064101,0.4299,Queens
36081064102,-999.0,Queens
36081064500,0.5426,Queens
36081064600,0.3958,Queens
36081065000,0.2908,Queens
36081065400,0.4264,Queens
36081065501,-999.0,Queens
36081065600,0.5319,Queens
36081065702,0.5448,Queens
36081065703,0.2488,Queens
36081065900,0.2187,Queens
36081066000,0.466,Queens
36081066100,0.1927,Queens
36081066300,0.1059,Queens
36081066400,0.639,Queens
36081066501,0.2548,Queens
36081066701,0.4525,Queens
36081066900,0.2739,Queens
36081067100,0.2736,Queens
36081067700,0.2127,Queens
36081067900,0.876,Queens
36081068000,0.5348,Queens
36081068200,0.4389,Queens
36081068300,0.8136,Queens
36081068700,0.5822,Queens
36081069000,0.7417,Queens
36081069300,0.6818,Queens
36081069400,0.6483,Queens
36081069500,0.5195,Queens
36081069701,0.6204,Queens
36081069702,0.5476,Queens
36081070300,0.3951,Queens
36081070700,0.3614,Queens
36081070900,0.3938,Queens
36081071100,0.5237,Queens
36081071303,0.2235,Queens
36081071304,0.6417,Queens
36081071305,0.3601,Queens
36081071306,0.4858,Queens
36081071600,-999.0,Queens
36081071701,0.6688,Queens
36081071702,0.5493,Queens
36081071900,0.693,Queens
36081072100,0.731,Queens
36081072300,0.3571,Queens
36081072900,0.3221,Queens
36081073100,0.2978,Queens
36081073700,0.4238,Queens
36081073900,0.571,Queens
36081074100,0.4444,Queens
36081074300,0.6608,Queens
36081074500,0.8885,Queens
36081074700,0.7628,Queens
36081074900,0.1891,Queens
36081075701,0.3107,Queens
36081075702,0.6271,Queens
36081076901,0.2661,Queens
36081076902,0.3118,Queens
36081077300,0.5105,Queens
36081077500,0.3056,Queens
36081077902,0.4024,Queens
36081077903,0.5595,Queens
36081077904,0.7128,Queens
36081077905,0.6997,Queens
36081077906,0.6521,Queens
36081077907,0.8302,Queens
36081077908,0.8488,Queens
36081078800,0.5001,Queens
36081079000,0.7439,Queens
36081079200,0.7357,Queens
36081079300,-999.0,Queens
36081079701,0.7905,Queens
36081079702,0.7169,Queens
36081079900,0.7788,Queens
36081080301,0.6186,Queens
36081080302,0.7216,Queens
36081080900,0.6396,Queens
36081081400,0.8386,Queens
36081081800,0.7726,Queens
36081083700,0.6458,Queens
36081083800,0.4513,Queens
36081084000,0.6234,Queens
36081084500,0.7818,Queens
36081084601,0.5258,Queens
36081084602,0.8038,Queens
36081084900,0.8388,Queens
36081085300,0.8557,Queens
36081085500,0.7014,Queens
36081085700,0.8459,Queens
36081085900,0.8117,Queens
36081086100,0.6756,Queens
36081086300,0.6971,Queens
36081086400,0.665,Queens
36081086500,0.7618,Queens
36081086900,0.6526,Queens
36081087100,0.7784,Queens
36081088400,0.4325,Queens
36081088901,0.7494,Queens
36081089200,0.3312,Queens
36081090700,0.6685,Queens
36081091601,0.2466,Queens
36081091602,-999.0,Queens
36081091800,-999.0,Queens
36081091900,0.7601,Queens
36081092200,0.0795,Queens
36081092500,0.768,Queens
36081092800,0.0064,Queens
36081092900,0.6465,Queens
36081093401,0.5498,Queens
36081093402,0.6472,Queens
36081093800,0.8598,Queens
36081093900,0.3669,Queens
36081094201,0.7239,Queens
36081094202,0.9025,Queens
36081094203,0.6532,Queens
36081094500,0.5024,Queens
36081094700,0.6103,Queens
36081095400,0.9753,Queens
36081096400,0.8709,Queens
36081097202,0.9665,Queens
36081097203,0.9817,Queens
36081097204,0.9963,Queens
36081097300,0.3099,Queens
36081098100,0.5571,Queens
36081098700,0.2678,Queens
36081099100,0.2806,Queens
36081099200,0.9941,Queens
36081099701,0.2966,Queens
36081099703,0.3562,Queens
36081099704,0.5057,Queens
36081099705,0.1581,Queens
36081099801,0.8327,Queens
36081099802,0.9928,Queens
36081099900,-999.0,Queens
36081100801,0.4842,Queens
36081100802,0.9031,Queens
36081101001,0.9816,Queens
36081101002,0.8542,Queens
36081101700,0.4088,Queens
36081102900,0.6036,Queens
36081103201,0.9422,Queens
36081103202,0.9465,Queens
36081103300,0.2966,Queens
36081103900,0.5437,Queens
36081104700,0.8072,Queens
36081105900,0.5327,Queens
36081107201,0.2019,Queens
36081107202,-999.0,Queens
36081108500,0.4863,Queens
36081109300,0.446,Queens
36081109700,0.2123,Queens
36081109900,0.5403,Queens
36081111300,0.4016,Queens
36081112300,0.5869,Queens
36081112900,0.4984,Queens
36081113300,0.3535,Queens
36081113900,0.5492,Queens
36081114100,0.2855,Queens
36081114700,0.4143,Queens
36081115100,0.1418,Queens
36081115500,0.7019,Queens
36081115700,0.7898,Queens
36081115900,0.797,Queens
36081116100,0.9094,Queens
36081116300,0.894,Queens
36081116700,0.7865,Queens
36081117100,0.7083,Queens
36081117500,0.5642,Queens
36081118100,0.3903,Queens
36081118500,0.7554,Queens
36081118700,0.7288,Queens
36081118900,0.5178,Queens
36081119100,0.5749,Queens
36081119300,0.6575,Queens
36081119500,0.5472,Queens
36081119900,0.5163,Queens
36081120100,0.6898,Queens
36081120300,0.6809,Queens
36081120500,0.9549,Queens
36081120700,0.5035,Queens
36081121100,-999.0,Queens
36081121500,0.6222,Queens
36081122300,0.4112,Queens
36081122701,0.6844,Queens
36081122702,0.9926,Queens
36081124100,0.5897,Queens
36081124700,0.5654,Queens
36081125700,0.8596,Queens
36081126500,0.632,Queens
36081126700,0.7197,Queens
36081127700,0.156,Queens
36081128300,-999.0,Queens
36081129102,0.3573,Queens
36081129103,0.3979,Queens
36081129104,0.3978,Queens
36081130100,0.3807,Queens
36081133300,0.4911,Queens
36081133900,0.3367,Queens
36081134100,0.512,Queens
36081134700,0.5934,Queens
36081136700,0.6762,Queens
36081137700,0.7043,Queens
36081138501,0.2549,Queens
36081138502,-999.0,Queens
36081139900,0.4157,Queens
36081140300,0.2938,Queens
36081140901,0.3994,Queens
36081140902,0.415,Queens
36081141700,0.391,Queens
36081142900,0.3867,Queens
36081143500,0.2961,Queens
36081144100,0.3546,Queens
36081144700,0.7137,Queens
36081145101,0.5618,Queens
36081145102,0.5883,Queens
36081145900,0.2673,Queens
36081146300,0.63,Queens
36081146700,0.5215,Queens
36081147100,0.556,Queens
36081147900,0.445,Queens
36081148300,0.1472,Queens
36081150701,0.3722,Queens
36081150702,0.6519,Queens
36081152901,0.445,Queens
36081152902,0.5029,Queens
36081155101,0.2812,Queens
36081155102,0.5181,Queens
36081156700,0.936,Queens
36081157101,0.4127,Queens
36081157102,0.4746,Queens
36081157901,0.3115,Queens
36081157902,0.3512,Queens
36081157903,0.59,Queens
36081161700,0.1576,Queens
36081162100,0.7129,Queens
36081990100,-999.0,Queens
13245000100,0.5748,Richmond
13245000200,0.8714,Richmond
13245000300,0.9228,Richmond
13245000600,0.9371,Richmond
13245000700,0.9447,Richmond
13245000900,0.8808,Richmond
13245001000,0.6813,Richmond
13245001100,0.1826,Richmond
13245001200,0.6338,Richmond
13245001300,0.5919,Richmond
13245001400,0.9146,Richmond
13245001500,0.7695,Richmond
13245001601,0.8212,Richmond
13245001602,0.214,Richmond
13245010101,0.2692,Richmond
13245010104,0.3901,Richmond
13245010105,0.2978,Richmond
13245010106,0.2777,Richmond
13245010107,0.1606,Richmond
13245010201,0.1217,Richmond
13245010203,0.7676,Richmond
13245010204,0.755,Richmond
13245010300,0.9955,Richmond
13245010400,0.9743,Richmond
13245010504,0.9807,Richmond
13245010506,0.9548,Richmond
13245010507,0.8372,Richmond
13245010508,0.8127,Richmond
13245010509,0.7777,Richmond
13245010510,0.7921,Richmond
13245010511,0.9333,Richmond
13245010512,0.8617,Richmond
13245010513,0.6992,Richmond
13245010600,0.9708,Richmond
13245010706,0.7543,Richmond
13245010707,0.6386,Richmond
13245010708,0.678,Richmond
13245010709,0.3927,Richmond
13245010710,0.9466,Richmond
13245010711,0.7919,Richmond
13245010712,0.5133,Richmond
13245010800,0.412,Richmond
13245010903,0.6688,Richmond
13245010904,0.604,Richmond
13245010905,0.7631,Richmond
13245010906,0.6609,Richmond
13245011000,0.7694,Richmond
36085000300,0.6549,Richmond
36085000600,0.7599,Richmond
36085000700,0.9382,Richmond
36085000800,0.5587,Richmond
36085000900,0.73,Richmond
36085001100,0.8136,Richmond
36085001700,0.7981,Richmond
36085001800,0.3043,Richmond
36085002001,0.7336,Richmond
36085002002,0.6178,Richmond
36085002100,0.887,Richmond
36085002700,0.9889,Richmond
36085002900,0.9167,Richmond
36085003300,0.5673,Richmond
36085003600,0.406,Richmond
36085003900,0.5887,Richmond
36085004000,0.9441,Richmond
36085004700,0.375,Richmond
36085005000,0.6378,Richmond
36085005900,0.3105,Richmond
36085006400,0.9232,Richmond
36085006700,0.2564,Richmond
36085007000,0.6118,Richmond
36085007400,0.7225,Richmond
36085007500,0.8191,Richmond
36085007700,0.8958,Richmond
36085008100,0.9712,Richmond
36085009601,0.5081,Richmond
36085009602,0.5675,Richmond
36085009700,0.4727,Richmond
36085010500,0.7703,Richmond
36085011201,0.3762,Richmond
36085011202,0.4913,Richmond
36085011401,0.8685,Richmond
36085011402,0.3641,Richmond
36085012100,0.3562,Richmond
36085012200,0.2083,Richmond
36085012500,0.6551,Richmond
36085012804,0.3996,Richmond
36085012805,0.2843,Richmond
36085012806,0.5546,Richmond
36085013201,0.2301,Richmond
36085013203,0.3201,Richmond
36085013204,0.2442,Richmond
36085013301,0.9874,Richmond
36085013302,0.8656,Richmond
36085013400,0.3771,Richmond
36085013800,0.4339,Richmond
36085014100,0.6593,Richmond
36085014604,0.3062,Richmond
36085014605,0.1964,Richmond
36085014606,0.1059,Richmond
36085014607,0.3439,Richmond
36085014608,0.293,Richmond
36085014700,0.0902,Richmond
36085015100,0.2703,Richmond
36085015400,-999.0,Richmond
36085015601,0.2867,Richmond
36085015602,0.0495,Richmond
36085015603,0.3058,Richmond
36085016901,0.4098,Richmond
36085017005,0.2072,Richmond
36085017007,0.3009,Richmond
36085017008,0.097,Richmond
36085017009,0.1401,Richmond
36085017010,0.1953,Richmond
36085017011,0.3783,Richmond
36085017012,0.2118,Richmond
36085017300,0.9047,Richmond
36085017600,0.159,Richmond
36085017700,0.1773,Richmond
36085018100,0.4219,Richmond
36085018701,0.4675,Richmond
36085018702,0.6038,Richmond
36085018901,0.4589,Richmond
36085018902,0.5738,Richmond
36085019700,0.0727,Richmond
36085019800,0.2184,Richmond
36085020100,0.3188,Richmond
36085020700,0.7574,Richmond
36085020801,0.2994,Richmond
36085020803,0.1704,Richmond
36085020804,0.0913,Richmond
36085021300,0.7212,Richmond
36085022300,0.7859,Richmond
36085022600,0.2455,Richmond
36085022800,-999.0,Richmond
36085023100,0.6984,Richmond
36085023900,0.7721,Richmond
36085024401,0.1406,Richmond
36085024402,0.2347,Richmond
36085024700,0.658,Richmond
36085024800,0.2694,Richmond
36085025100,0.0842,Richmond
36085027301,0.5011,Richmond
36085027302,0.386,Richmond
36085027702,0.6277,Richmond
36085027704,0.2611,Richmond
36085027705,0.4059,Richmond
36085027706,0.4377,Richmond
36085027900,0.3786,Richmond
36085029102,0.6165,Richmond
36085029103,0.4189,Richmond
36085029104,0.3931,Richmond
36085030301,0.428,Richmond
36085030302,0.5113,Richmond
36085031901,0.9625,Richmond
36085031902,0.9183,Richmond
36085032300,0.5075,Richmond
37153970100,0.8061,Richmond
37153970200,0.7779,Richmond
37153970300,0.7508,Richmond
37153970400,0.4864,Richmond
37153970500,0.7525,Richmond
37153970600,0.9964,Richmond
37153970700,0.9418,Richmond
37153970800,0.6898,Richmond
37153970900,0.696,Richmond
37153971000,0.9082,Richmond
37153971100,0.9082,Richmond
51159040100,0.6738,Richmond
51159040200,0.5659,Richmond
